	G1-11	G1-12	G1-13	G1-130	G1-131	G1-132	G1-135	G1-136	G1-138	G1-139	G1-14	G1-140	G1-141	G1-142	G1-143	G1-144	G1-15	G1-177	G1-178	G1-180	G1-182	G1-187	G1-188	G1-189	G1-190	G1-192	G1-193	G2-1100	G2-1101	G2-1102	G2-1103	G2-1104	G2-1105	G2-1106	G2-1107	G2-1108	G2-1109	G2-1110	G2-1111	G2-1113	G2-194	G2-197	G2-198	G2-199	G2-21	G2-210	G2-211	G2-212	G2-213	G2-214	G2-215	G2-216	G2-217	G2-218	G2-219	G2-22	G2-220	G2-221	G2-222	G2-223	G2-224	G2-23	G2-24	G2-25	G2-26	G2-27	G2-28	G2-29	G2-313	G2-314	G2-315	G2-316	G2-317	G2-318	G2-319	G2-320	G2-321	G2-322	G2-323	G2-324	G2-325	G2-326	G2-327	G2-328	G2-329	G2-330	G2-413	G2-414	G2-415	G2-416	G3-417	G3-418	G3-419	G3-420	G3-421	G3-422	G3-423	G3-424	G3-425	G3-426	G3-427	G3-428	G3-429	G3-430
G1-11	0.0	0.245	0.325	0.765	0.72	0.78	0.78	0.405	0.67	0.27	0.515	0.295	0.36	0.355	0.42	0.405	0.48	0.35	0.355	0.855	0.865	0.565	0.375	0.355	0.37	0.375	0.365	0.62	0.745	0.605	0.675	0.89	0.94	0.935	0.885	0.94	0.92	0.965	0.95	0.95	0.29	0.825	0.915	0.73	0.985	0.895	0.88	0.88	0.36	0.34	0.37	0.375	0.355	0.38	0.33	0.995	0.285	0.375	0.42	0.365	0.375	0.995	0.995	0.975	0.99	0.9	0.91	0.905	0.945	0.775	0.925	0.725	0.95	0.885	0.955	0.92	0.865	0.88	0.84	0.58	0.375	0.445	0.405	0.58	0.35	0.855	0.67	0.205	0.63	0.895	0.34	0.34	0.545	0.31	0.34	0.325	0.42	0.525	0.24	0.215	0.285	0.33	0.325	0.295
G1-12	0.245	0.0	0.5	0.97	0.905	0.97	0.77	0.515	0.845	0.215	0.56	0.155	0.215	0.235	0.405	0.39	0.49	0.245	0.305	0.89	0.87	0.595	0.25	0.345	0.38	0.365	0.395	0.615	0.775	0.635	0.68	0.9	0.94	0.935	0.885	0.945	0.925	0.965	0.955	0.95	0.215	0.85	0.93	0.76	0.995	0.915	0.9	0.905	0.14	0.235	0.145	0.15	0.13	0.16	0.11	1.0	0.29	0.375	0.45	0.14	0.15	1.0	1.0	0.98	0.995	0.92	0.925	0.92	0.95	0.77	0.925	0.72	0.945	0.885	0.955	0.92	0.865	0.88	0.855	0.595	0.405	0.45	0.44	0.61	0.385	0.855	0.685	0.2	0.635	0.895	0.25	0.34	0.535	0.09	0.33	0.09	0.41	0.51	0.28	0.27	0.14	0.215	0.115	0.19
G1-13	0.325	0.5	0.0	0.555	0.54	0.555	0.735	0.44	0.465	0.52	0.53	0.52	0.545	0.545	0.545	0.545	0.425	0.54	0.535	0.805	0.88	0.665	0.54	0.54	0.54	0.545	0.515	0.66	0.825	0.685	0.735	0.895	0.94	0.935	0.885	0.94	0.92	0.97	0.95	0.955	0.515	0.88	0.99	0.81	0.885	0.975	0.965	0.97	0.535	0.545	0.545	0.545	0.545	0.54	0.535	0.885	0.53	0.53	0.53	0.535	0.54	0.885	0.885	0.88	0.88	0.87	0.99	0.985	0.95	0.785	0.925	0.745	0.955	0.89	0.96	0.92	0.865	0.88	0.855	0.59	0.435	0.55	0.435	0.505	0.435	0.775	0.745	0.52	0.535	0.79	0.405	0.4	0.605	0.54	0.535	0.53	0.52	0.505	0.46	0.455	0.535	0.54	0.525	0.53
G1-130	0.765	0.97	0.555	0.0	0.505	0.055	0.935	0.81	0.58	0.99	0.84	0.99	0.99	0.99	0.99	0.99	0.905	0.99	0.985	0.89	0.98	0.99	0.995	0.99	0.98	0.99	0.89	0.995	0.995	0.995	0.995	0.965	0.995	0.995	0.995	0.99	0.99	0.995	0.99	0.995	0.89	0.865	0.92	0.995	0.96	0.91	0.915	0.905	0.98	0.99	0.99	0.99	0.99	0.985	0.995	0.96	0.995	0.995	0.995	0.995	0.995	0.96	0.96	0.96	0.955	0.88	0.92	0.915	0.99	0.995	0.995	0.995	0.995	0.99	0.995	0.995	0.995	0.995	0.98	0.98	0.91	0.99	0.905	0.915	0.885	0.955	0.915	0.93	0.935	0.95	0.945	0.94	0.985	0.97	0.985	0.98	0.97	0.95	0.835	0.83	0.92	0.915	0.965	0.905
G1-131	0.72	0.905	0.54	0.505	0.0	0.52	0.71	0.71	0.12	0.98	0.39	0.975	0.965	0.96	0.62	0.85	0.805	0.97	0.97	0.8	0.97	0.965	0.995	0.965	0.965	0.615	0.86	0.995	0.995	0.995	0.995	0.95	1.0	1.0	1.0	0.995	0.995	1.0	0.995	1.0	0.865	0.8	0.785	0.995	0.95	0.785	0.705	0.77	0.965	0.885	0.975	0.98	0.96	0.985	1.0	0.95	0.995	0.995	0.995	1.0	1.0	0.95	0.95	0.945	0.945	0.79	0.595	0.77	0.99	0.995	1.0	0.995	0.995	0.99	1.0	1.0	1.0	1.0	0.99	0.985	0.91	0.995	0.92	0.92	0.9	0.945	0.47	0.855	0.915	0.94	0.925	0.845	0.515	0.895	0.715	0.905	0.855	0.48	0.82	0.785	0.875	0.9	0.945	0.84
G1-132	0.78	0.97	0.555	0.055	0.52	0.0	0.935	0.84	0.585	0.99	0.865	0.99	1.0	1.0	1.0	1.0	0.9	0.99	0.985	0.88	0.98	0.99	0.99	0.99	0.98	1.0	0.935	0.99	0.99	0.99	0.99	0.975	1.0	1.0	1.0	0.995	0.995	1.0	0.995	1.0	0.94	0.92	0.97	0.99	0.955	0.95	0.97	0.945	0.99	1.0	1.0	1.0	1.0	0.995	1.0	0.955	0.995	0.99	0.99	1.0	1.0	0.955	0.955	0.945	0.95	0.92	0.97	0.97	0.99	0.99	1.0	0.99	0.99	0.985	1.0	1.0	1.0	1.0	1.0	0.995	0.92	0.995	0.93	0.93	0.915	0.945	0.96	0.96	0.935	0.94	0.95	0.945	0.985	0.98	0.985	0.98	0.97	0.945	0.88	0.875	0.955	0.96	0.965	0.95
G1-135	0.78	0.77	0.735	0.935	0.71	0.935	0.0	0.535	0.595	0.84	0.55	0.835	0.865	0.86	0.68	0.75	0.455	0.87	0.87	0.76	0.875	0.825	0.885	0.865	0.875	0.68	0.84	0.855	0.855	0.855	0.855	0.88	0.94	0.935	0.9	0.94	0.92	0.97	0.95	0.955	0.845	0.81	0.855	0.855	0.39	0.855	0.755	0.84	0.865	0.785	0.875	0.88	0.86	0.885	0.86	0.39	0.855	0.855	0.855	0.87	0.885	0.385	0.385	0.705	0.385	0.74	0.78	0.835	0.95	0.87	0.925	0.86	0.955	0.89	0.96	0.92	0.9	0.9	0.9	0.895	0.665	0.895	0.72	0.535	0.73	0.805	0.67	0.755	0.255	0.29	0.605	0.46	0.67	0.815	0.67	0.805	0.755	0.6	0.85	0.825	0.815	0.87	0.855	0.81
G1-136	0.405	0.515	0.44	0.81	0.71	0.84	0.535	0.0	0.615	0.55	0.35	0.57	0.645	0.64	0.56	0.56	0.335	0.635	0.635	0.695	0.86	0.535	0.65	0.63	0.63	0.56	0.525	0.61	0.67	0.58	0.675	0.88	0.94	0.935	0.885	0.94	0.92	0.97	0.95	0.955	0.545	0.74	0.81	0.62	0.815	0.79	0.785	0.785	0.645	0.565	0.655	0.66	0.64	0.665	0.625	0.815	0.48	0.595	0.465	0.65	0.665	0.815	0.815	0.795	0.81	0.67	0.81	0.805	0.95	0.765	0.925	0.715	0.94	0.875	0.96	0.92	0.865	0.88	0.84	0.665	0.435	0.675	0.435	0.435	0.435	0.76	0.56	0.375	0.44	0.705	0.45	0.34	0.54	0.57	0.535	0.58	0.52	0.465	0.485	0.46	0.51	0.565	0.61	0.505
G1-138	0.67	0.845	0.465	0.58	0.12	0.585	0.595	0.615	0.0	0.92	0.335	0.915	0.905	0.9	0.56	0.79	0.695	0.915	0.915	0.75	0.915	0.905	0.935	0.91	0.91	0.555	0.86	0.935	0.935	0.935	0.935	0.89	0.94	0.94	0.94	0.94	0.935	0.97	0.95	0.955	0.865	0.795	0.84	0.935	0.895	0.845	0.735	0.83	0.905	0.825	0.915	0.92	0.9	0.925	0.935	0.895	0.935	0.935	0.935	0.935	0.935	0.895	0.895	0.895	0.89	0.795	0.65	0.82	0.955	0.935	0.94	0.935	0.96	0.935	0.96	0.94	0.94	0.94	0.94	0.935	0.82	0.935	0.82	0.82	0.82	0.85	0.46	0.82	0.805	0.83	0.805	0.74	0.475	0.85	0.66	0.85	0.8	0.405	0.82	0.785	0.845	0.9	0.89	0.84
G1-139	0.27	0.215	0.52	0.99	0.98	0.99	0.84	0.55	0.92	0.0	0.63	0.09	0.28	0.285	0.45	0.435	0.515	0.195	0.23	0.95	0.8	0.405	0.14	0.26	0.28	0.41	0.415	0.51	0.63	0.465	0.54	0.855	0.885	0.88	0.83	0.89	0.87	0.91	0.9	0.895	0.27	0.865	0.985	0.635	0.94	0.945	0.955	0.97	0.28	0.285	0.285	0.285	0.285	0.29	0.195	1.0	0.2	0.26	0.345	0.205	0.235	1.0	1.0	0.845	0.945	0.975	0.97	0.92	0.895	0.665	0.87	0.62	0.83	0.795	0.9	0.865	0.81	0.825	0.8	0.54	0.35	0.395	0.385	0.54	0.33	0.735	0.74	0.18	0.625	0.82	0.27	0.395	0.59	0.285	0.345	0.285	0.435	0.54	0.28	0.33	0.265	0.23	0.265	0.22
G1-14	0.515	0.56	0.53	0.84	0.39	0.865	0.55	0.35	0.335	0.63	0.0	0.625	0.66	0.655	0.315	0.545	0.455	0.65	0.65	0.77	0.86	0.62	0.665	0.645	0.645	0.31	0.55	0.645	0.8	0.66	0.71	0.88	0.94	0.935	0.885	0.94	0.92	0.97	0.95	0.955	0.57	0.75	0.795	0.785	0.92	0.79	0.69	0.775	0.66	0.58	0.67	0.675	0.655	0.68	0.665	0.92	0.66	0.645	0.645	0.665	0.68	0.92	0.92	0.9	0.915	0.77	0.605	0.775	0.95	0.765	0.925	0.72	0.94	0.875	0.96	0.92	0.865	0.88	0.84	0.68	0.555	0.69	0.57	0.56	0.55	0.77	0.24	0.495	0.56	0.81	0.57	0.475	0.22	0.585	0.395	0.595	0.535	0.145	0.535	0.515	0.545	0.59	0.625	0.53
G1-140	0.295	0.155	0.52	0.99	0.975	0.99	0.835	0.57	0.915	0.09	0.625	0.0	0.225	0.255	0.455	0.44	0.525	0.215	0.27	0.95	0.835	0.45	0.12	0.24	0.265	0.42	0.415	0.495	0.645	0.505	0.56	0.83	0.86	0.855	0.805	0.865	0.845	0.89	0.875	0.875	0.24	0.84	0.98	0.635	0.935	0.945	0.955	0.97	0.23	0.285	0.23	0.23	0.23	0.24	0.115	1.0	0.205	0.25	0.35	0.155	0.155	1.0	1.0	0.865	0.945	0.975	0.97	0.895	0.875	0.65	0.845	0.6	0.825	0.77	0.88	0.84	0.785	0.8	0.775	0.515	0.325	0.37	0.36	0.515	0.31	0.735	0.735	0.2	0.625	0.86	0.26	0.39	0.59	0.22	0.345	0.22	0.435	0.535	0.28	0.325	0.205	0.18	0.205	0.2
G1-141	0.36	0.215	0.545	0.99	0.965	1.0	0.865	0.645	0.905	0.28	0.66	0.225	0.0	0.03	0.345	0.215	0.565	0.265	0.325	0.965	0.89	0.665	0.27	0.355	0.395	0.36	0.44	0.68	0.845	0.705	0.755	0.9	0.935	0.93	0.88	0.94	0.92	0.965	0.95	0.95	0.24	0.9	0.965	0.83	0.995	0.96	0.94	0.965	0.11	0.095	0.12	0.13	0.105	0.13	0.245	1.0	0.355	0.375	0.52	0.245	0.245	1.0	1.0	0.995	0.995	0.965	0.96	0.955	0.955	0.805	0.92	0.765	0.955	0.895	0.955	0.915	0.86	0.875	0.85	0.59	0.415	0.445	0.445	0.62	0.39	0.865	0.735	0.31	0.665	0.915	0.28	0.425	0.59	0.215	0.385	0.215	0.47	0.555	0.32	0.325	0.215	0.23	0.225	0.24
G1-142	0.355	0.235	0.545	0.99	0.96	1.0	0.86	0.64	0.9	0.285	0.655	0.255	0.03	0.0	0.34	0.185	0.56	0.265	0.325	0.96	0.89	0.67	0.275	0.36	0.4	0.355	0.435	0.685	0.85	0.71	0.76	0.905	0.94	0.935	0.885	0.945	0.925	0.97	0.955	0.955	0.245	0.9	0.96	0.835	1.0	0.96	0.935	0.96	0.135	0.085	0.145	0.155	0.125	0.155	0.275	1.0	0.36	0.38	0.525	0.275	0.275	1.0	1.0	1.0	1.0	0.96	0.96	0.955	0.96	0.81	0.925	0.77	0.96	0.9	0.96	0.92	0.865	0.88	0.855	0.595	0.42	0.45	0.45	0.625	0.395	0.87	0.73	0.305	0.665	0.915	0.28	0.42	0.585	0.235	0.38	0.235	0.465	0.555	0.32	0.32	0.235	0.25	0.25	0.235
G1-143	0.42	0.405	0.545	0.99	0.62	1.0	0.68	0.56	0.56	0.45	0.315	0.455	0.345	0.34	0.0	0.23	0.505	0.45	0.455	0.92	0.89	0.67	0.475	0.445	0.455	0.05	0.435	0.685	0.85	0.71	0.76	0.905	0.94	0.935	0.885	0.945	0.925	0.97	0.955	0.955	0.44	0.86	0.855	0.835	1.0	0.87	0.75	0.86	0.39	0.265	0.385	0.38	0.375	0.38	0.475	1.0	0.475	0.4	0.525	0.475	0.475	1.0	1.0	1.0	1.0	0.915	0.665	0.835	0.96	0.81	0.925	0.77	0.96	0.9	0.96	0.92	0.865	0.88	0.855	0.595	0.475	0.475	0.475	0.625	0.475	0.87	0.39	0.375	0.665	0.915	0.455	0.385	0.245	0.395	0.2	0.395	0.385	0.215	0.45	0.42	0.4	0.45	0.45	0.4
G1-144	0.405	0.39	0.545	0.99	0.85	1.0	0.75	0.56	0.79	0.435	0.545	0.44	0.215	0.185	0.23	0.0	0.505	0.435	0.44	0.92	0.89	0.67	0.46	0.43	0.44	0.265	0.435	0.685	0.85	0.71	0.76	0.905	0.94	0.935	0.885	0.945	0.925	0.97	0.955	0.955	0.425	0.86	0.855	0.835	1.0	0.87	0.825	0.86	0.32	0.155	0.33	0.34	0.31	0.34	0.46	1.0	0.46	0.385	0.525	0.46	0.46	1.0	1.0	1.0	1.0	0.915	0.85	0.845	0.96	0.81	0.925	0.77	0.96	0.9	0.96	0.92	0.865	0.88	0.855	0.595	0.46	0.46	0.46	0.625	0.46	0.87	0.62	0.36	0.665	0.915	0.44	0.37	0.475	0.38	0.31	0.38	0.385	0.445	0.435	0.405	0.385	0.435	0.435	0.385
G1-15	0.48	0.49	0.425	0.905	0.805	0.9	0.455	0.335	0.695	0.515	0.455	0.525	0.565	0.56	0.505	0.505	0.0	0.5	0.505	0.7	0.81	0.605	0.535	0.545	0.545	0.5	0.49	0.62	0.785	0.645	0.69	0.875	0.94	0.935	0.885	0.94	0.92	0.965	0.95	0.95	0.53	0.805	0.905	0.785	0.665	0.88	0.875	0.875	0.56	0.505	0.575	0.58	0.56	0.585	0.595	0.67	0.59	0.545	0.575	0.6	0.595	0.67	0.67	0.64	0.665	0.735	0.9	0.895	0.945	0.745	0.925	0.71	0.895	0.845	0.955	0.92	0.865	0.88	0.85	0.595	0.315	0.575	0.37	0.23	0.38	0.67	0.665	0.45	0.29	0.515	0.32	0.195	0.505	0.51	0.44	0.5	0.37	0.38	0.475	0.485	0.49	0.51	0.53	0.45
G1-177	0.35	0.245	0.54	0.99	0.97	0.99	0.87	0.635	0.915	0.195	0.65	0.215	0.265	0.265	0.45	0.435	0.5	0.0	0.08	0.925	0.79	0.435	0.145	0.34	0.36	0.405	0.405	0.62	0.78	0.615	0.615	0.89	0.94	0.935	0.885	0.945	0.925	0.965	0.955	0.95	0.245	0.9	0.975	0.785	0.985	0.96	0.935	0.95	0.26	0.28	0.265	0.27	0.265	0.28	0.275	1.0	0.345	0.4	0.5	0.29	0.285	1.0	1.0	0.835	1.0	0.965	0.97	0.965	0.95	0.745	0.925	0.71	0.885	0.85	0.955	0.92	0.865	0.88	0.85	0.595	0.4	0.445	0.435	0.59	0.38	0.785	0.735	0.265	0.63	0.785	0.275	0.425	0.575	0.255	0.325	0.255	0.41	0.53	0.26	0.32	0.23	0.2	0.225	0.19
G1-178	0.355	0.305	0.535	0.985	0.97	0.985	0.87	0.635	0.915	0.23	0.65	0.27	0.325	0.325	0.455	0.44	0.505	0.08	0.0	0.94	0.795	0.37	0.2	0.345	0.365	0.415	0.41	0.62	0.78	0.615	0.625	0.9	0.94	0.935	0.885	0.94	0.92	0.965	0.95	0.95	0.315	0.91	0.98	0.785	0.99	0.96	0.95	0.96	0.315	0.325	0.325	0.325	0.325	0.33	0.34	0.995	0.35	0.4	0.5	0.345	0.34	0.995	0.995	0.84	0.995	0.965	0.975	0.97	0.945	0.745	0.925	0.71	0.885	0.845	0.955	0.92	0.865	0.88	0.855	0.59	0.4	0.445	0.435	0.59	0.38	0.785	0.74	0.27	0.625	0.78	0.315	0.425	0.58	0.315	0.335	0.31	0.425	0.535	0.27	0.325	0.295	0.26	0.29	0.245
G1-180	0.855	0.89	0.805	0.89	0.8	0.88	0.76	0.695	0.75	0.95	0.77	0.95	0.965	0.96	0.92	0.92	0.7	0.925	0.94	0.0	0.745	0.94	0.97	0.945	0.94	0.91	0.9	0.97	0.97	0.97	0.86	0.875	1.0	1.0	1.0	0.995	0.995	0.995	0.995	0.995	0.915	0.77	0.92	0.97	0.825	0.895	0.855	0.835	0.96	0.92	0.975	0.98	0.96	0.985	0.985	0.86	0.98	0.965	0.975	1.0	0.995	0.86	0.86	0.62	0.855	0.77	0.915	0.915	0.985	0.97	1.0	0.97	0.97	0.965	0.995	1.0	1.0	1.0	1.0	0.995	0.845	0.995	0.85	0.83	0.85	0.88	0.91	0.89	0.805	0.825	0.83	0.77	0.89	0.91	0.825	0.9	0.85	0.815	0.86	0.865	0.885	0.945	0.92	0.885
G1-182	0.865	0.87	0.88	0.98	0.97	0.98	0.875	0.86	0.915	0.8	0.86	0.835	0.89	0.89	0.89	0.89	0.81	0.79	0.795	0.745	0.0	0.805	0.82	0.865	0.85	0.88	0.845	0.84	0.835	0.82	0.71	0.83	0.94	0.935	0.905	0.94	0.92	0.965	0.95	0.95	0.865	0.815	0.985	0.855	0.955	0.96	0.895	0.91	0.875	0.89	0.89	0.89	0.89	0.89	0.89	0.99	0.885	0.83	0.88	0.905	0.9	0.99	0.99	0.72	0.99	0.965	0.98	0.975	0.945	0.84	0.925	0.845	0.885	0.85	0.955	0.92	0.905	0.905	0.905	0.9	0.88	0.9	0.885	0.865	0.885	0.815	0.88	0.835	0.845	0.82	0.875	0.87	0.86	0.88	0.775	0.87	0.81	0.845	0.825	0.875	0.855	0.825	0.845	0.805
G1-187	0.565	0.595	0.665	0.99	0.965	0.99	0.825	0.535	0.905	0.405	0.62	0.45	0.665	0.67	0.67	0.67	0.605	0.435	0.37	0.94	0.805	0.0	0.435	0.425	0.45	0.67	0.63	0.44	0.525	0.365	0.425	0.765	0.8	0.795	0.745	0.805	0.785	0.83	0.815	0.815	0.65	0.815	0.97	0.53	0.935	0.935	0.945	0.96	0.675	0.67	0.675	0.68	0.67	0.69	0.565	1.0	0.485	0.435	0.48	0.57	0.59	1.0	1.0	0.71	0.945	0.965	0.96	0.885	0.815	0.58	0.785	0.535	0.745	0.71	0.82	0.78	0.725	0.74	0.715	0.56	0.595	0.56	0.6	0.53	0.615	0.65	0.725	0.5	0.645	0.785	0.66	0.62	0.655	0.66	0.615	0.66	0.62	0.63	0.63	0.655	0.645	0.61	0.65	0.595
G1-188	0.375	0.25	0.54	0.995	0.995	0.99	0.885	0.65	0.935	0.14	0.665	0.12	0.27	0.275	0.475	0.46	0.535	0.145	0.2	0.97	0.82	0.435	0.0	0.255	0.28	0.44	0.435	0.51	0.67	0.505	0.52	0.83	0.84	0.835	0.785	0.845	0.825	0.87	0.855	0.855	0.26	0.845	1.0	0.675	0.935	0.965	0.975	0.99	0.275	0.305	0.275	0.275	0.275	0.275	0.185	1.0	0.25	0.285	0.41	0.215	0.17	1.0	1.0	0.755	0.945	0.995	0.99	0.915	0.855	0.635	0.825	0.6	0.785	0.75	0.86	0.82	0.765	0.78	0.755	0.495	0.315	0.35	0.35	0.495	0.31	0.69	0.755	0.28	0.64	0.785	0.29	0.44	0.61	0.265	0.365	0.265	0.455	0.555	0.3	0.345	0.25	0.21	0.25	0.2
G1-189	0.355	0.345	0.54	0.99	0.965	0.99	0.865	0.63	0.91	0.26	0.645	0.24	0.355	0.36	0.445	0.43	0.545	0.34	0.345	0.945	0.865	0.425	0.255	0.0	0.09	0.41	0.42	0.42	0.585	0.445	0.495	0.665	0.7	0.695	0.645	0.705	0.685	0.73	0.715	0.715	0.34	0.815	0.97	0.57	0.935	0.935	0.945	0.96	0.365	0.36	0.365	0.37	0.36	0.38	0.31	1.0	0.29	0.19	0.42	0.29	0.295	1.0	1.0	0.735	0.945	0.965	0.96	0.885	0.715	0.545	0.685	0.505	0.695	0.635	0.72	0.68	0.625	0.64	0.615	0.355	0.315	0.21	0.35	0.44	0.31	0.605	0.73	0.335	0.64	0.89	0.37	0.42	0.58	0.35	0.365	0.35	0.45	0.535	0.34	0.345	0.335	0.34	0.34	0.335
G1-190	0.37	0.38	0.54	0.98	0.965	0.98	0.875	0.63	0.91	0.28	0.645	0.265	0.395	0.4	0.455	0.44	0.545	0.36	0.365	0.94	0.85	0.45	0.28	0.09	0.0	0.41	0.41	0.43	0.595	0.455	0.495	0.675	0.715	0.71	0.66	0.72	0.7	0.74	0.73	0.725	0.36	0.805	0.97	0.58	0.925	0.93	0.935	0.95	0.395	0.4	0.4	0.4	0.4	0.41	0.33	1.0	0.31	0.185	0.42	0.32	0.32	1.0	1.0	0.735	0.945	0.96	0.955	0.88	0.725	0.555	0.7	0.515	0.705	0.645	0.73	0.695	0.64	0.655	0.63	0.37	0.305	0.225	0.34	0.425	0.325	0.615	0.73	0.36	0.635	0.885	0.395	0.43	0.58	0.38	0.36	0.39	0.445	0.54	0.35	0.375	0.355	0.36	0.355	0.36
G1-192	0.375	0.365	0.545	0.99	0.615	1.0	0.68	0.56	0.555	0.41	0.31	0.42	0.36	0.355	0.05	0.265	0.5	0.405	0.415	0.91	0.88	0.67	0.44	0.41	0.41	0.0	0.43	0.685	0.85	0.71	0.75	0.895	0.94	0.935	0.885	0.945	0.925	0.965	0.955	0.95	0.395	0.85	0.855	0.835	0.99	0.865	0.74	0.85	0.37	0.28	0.37	0.375	0.36	0.385	0.43	1.0	0.43	0.405	0.525	0.44	0.435	1.0	1.0	0.99	1.0	0.91	0.66	0.83	0.955	0.81	0.925	0.77	0.96	0.9	0.955	0.92	0.865	0.88	0.855	0.595	0.44	0.45	0.45	0.625	0.44	0.87	0.385	0.34	0.665	0.915	0.415	0.37	0.23	0.36	0.155	0.36	0.375	0.21	0.405	0.385	0.355	0.415	0.405	0.365
G1-193	0.365	0.395	0.515	0.89	0.86	0.935	0.84	0.525	0.86	0.415	0.55	0.415	0.44	0.435	0.435	0.435	0.49	0.405	0.41	0.9	0.845	0.63	0.435	0.42	0.41	0.43	0.0	0.645	0.81	0.67	0.715	0.9	0.94	0.935	0.885	0.945	0.925	0.965	0.955	0.95	0.225	0.515	0.595	0.795	0.995	0.58	0.565	0.57	0.445	0.435	0.45	0.455	0.435	0.465	0.47	1.0	0.465	0.43	0.5	0.475	0.47	1.0	1.0	0.955	0.995	0.585	0.59	0.585	0.95	0.77	0.925	0.73	0.92	0.86	0.955	0.92	0.865	0.88	0.84	0.585	0.415	0.475	0.405	0.555	0.38	0.83	0.635	0.335	0.615	0.87	0.445	0.415	0.565	0.405	0.39	0.425	0.415	0.52	0.205	0.19	0.295	0.245	0.4	0.28
G2-1100	0.62	0.615	0.66	0.995	0.995	0.99	0.855	0.61	0.935	0.51	0.645	0.495	0.68	0.685	0.685	0.685	0.62	0.62	0.62	0.97	0.84	0.44	0.51	0.42	0.43	0.685	0.645	0.0	0.165	0.085	0.2	0.365	0.375	0.37	0.32	0.38	0.36	0.405	0.39	0.39	0.665	0.845	1.0	0.165	0.935	0.965	0.975	0.99	0.685	0.685	0.685	0.685	0.685	0.685	0.55	1.0	0.53	0.35	0.53	0.615	0.575	1.0	1.0	0.62	0.945	0.995	0.99	0.915	0.39	0.155	0.36	0.11	0.33	0.285	0.395	0.355	0.3	0.315	0.29	0.12	0.58	0.26	0.585	0.495	0.6	0.24	0.755	0.575	0.645	0.85	0.665	0.635	0.67	0.675	0.63	0.675	0.635	0.645	0.64	0.67	0.66	0.62	0.66	0.62
G2-1101	0.745	0.775	0.825	0.995	0.995	0.99	0.855	0.67	0.935	0.63	0.8	0.645	0.845	0.85	0.85	0.85	0.785	0.78	0.78	0.97	0.835	0.525	0.67	0.585	0.595	0.85	0.81	0.165	0.0	0.165	0.275	0.31	0.32	0.315	0.265	0.325	0.305	0.35	0.335	0.335	0.83	0.845	1.0	0.05	0.935	0.965	0.975	0.99	0.85	0.85	0.85	0.85	0.85	0.85	0.715	1.0	0.59	0.505	0.59	0.78	0.74	1.0	1.0	0.615	0.945	0.995	0.99	0.915	0.335	0.14	0.305	0.135	0.27	0.23	0.34	0.3	0.245	0.26	0.235	0.27	0.745	0.425	0.75	0.66	0.765	0.22	0.835	0.665	0.81	0.845	0.83	0.8	0.835	0.84	0.795	0.84	0.8	0.81	0.805	0.835	0.825	0.785	0.825	0.78
G2-1102	0.605	0.635	0.685	0.995	0.995	0.99	0.855	0.58	0.935	0.465	0.66	0.505	0.705	0.71	0.71	0.71	0.645	0.615	0.615	0.97	0.82	0.365	0.505	0.445	0.455	0.71	0.67	0.085	0.165	0.0	0.16	0.425	0.435	0.43	0.38	0.44	0.42	0.465	0.45	0.45	0.69	0.845	1.0	0.17	0.935	0.965	0.975	0.99	0.71	0.71	0.71	0.71	0.71	0.71	0.575	1.0	0.5	0.365	0.5	0.64	0.6	1.0	1.0	0.59	0.945	0.995	0.99	0.915	0.45	0.215	0.42	0.17	0.38	0.345	0.455	0.415	0.36	0.375	0.35	0.205	0.605	0.285	0.61	0.52	0.625	0.285	0.755	0.545	0.67	0.82	0.69	0.66	0.695	0.7	0.655	0.7	0.66	0.67	0.665	0.695	0.685	0.645	0.685	0.635
G2-1103	0.675	0.68	0.735	0.995	0.995	0.99	0.855	0.675	0.935	0.54	0.71	0.56	0.755	0.76	0.76	0.76	0.69	0.615	0.625	0.86	0.71	0.425	0.52	0.495	0.495	0.75	0.715	0.2	0.275	0.16	0.0	0.42	0.5	0.495	0.445	0.505	0.485	0.525	0.515	0.51	0.72	0.745	1.0	0.28	0.9	0.96	0.915	0.93	0.755	0.76	0.76	0.76	0.76	0.76	0.61	1.0	0.585	0.41	0.595	0.69	0.645	1.0	1.0	0.445	0.945	0.99	0.985	0.91	0.51	0.28	0.485	0.235	0.445	0.41	0.515	0.48	0.425	0.44	0.415	0.32	0.655	0.335	0.66	0.57	0.675	0.35	0.755	0.64	0.72	0.785	0.735	0.71	0.735	0.75	0.65	0.75	0.695	0.72	0.7	0.745	0.725	0.695	0.72	0.685
G2-1104	0.89	0.9	0.895	0.965	0.95	0.975	0.88	0.88	0.89	0.855	0.88	0.83	0.9	0.905	0.905	0.905	0.875	0.89	0.9	0.875	0.83	0.765	0.83	0.665	0.675	0.895	0.9	0.365	0.31	0.425	0.42	0.0	0.145	0.14	0.135	0.145	0.13	0.17	0.155	0.155	0.87	0.725	0.975	0.34	0.875	0.935	0.885	0.91	0.89	0.905	0.905	0.91	0.905	0.915	0.835	0.975	0.82	0.695	0.855	0.89	0.83	0.975	0.975	0.59	0.92	0.945	0.96	0.885	0.155	0.21	0.135	0.255	0.165	0.13	0.16	0.135	0.135	0.135	0.135	0.345	0.815	0.5	0.815	0.745	0.83	0.325	0.905	0.905	0.89	0.905	0.88	0.88	0.89	0.905	0.845	0.895	0.87	0.875	0.885	0.905	0.895	0.905	0.885	0.895
G2-1105	0.94	0.94	0.94	0.995	1.0	1.0	0.94	0.94	0.94	0.885	0.94	0.86	0.935	0.94	0.94	0.94	0.94	0.94	0.94	1.0	0.94	0.8	0.84	0.7	0.715	0.94	0.94	0.375	0.32	0.435	0.5	0.145	0.0	0.005	0.055	0.005	0.02	0.03	0.015	0.015	0.925	0.845	1.0	0.35	0.935	0.975	0.975	1.0	0.94	0.94	0.94	0.94	0.94	0.94	0.86	1.0	0.845	0.71	0.865	0.9	0.845	1.0	1.0	0.685	0.945	1.0	0.99	0.915	0.02	0.22	0.015	0.265	0.075	0.095	0.02	0.02	0.075	0.06	0.11	0.36	0.85	0.515	0.85	0.78	0.865	0.36	0.94	0.94	0.94	0.94	0.94	0.94	0.94	0.94	0.94	0.94	0.94	0.935	0.94	0.94	0.94	0.94	0.94	0.94
G2-1106	0.935	0.935	0.935	0.995	1.0	1.0	0.935	0.935	0.94	0.88	0.935	0.855	0.93	0.935	0.935	0.935	0.935	0.935	0.935	1.0	0.935	0.795	0.835	0.695	0.71	0.935	0.935	0.37	0.315	0.43	0.495	0.14	0.005	0.0	0.05	0.01	0.015	0.035	0.02	0.02	0.92	0.845	1.0	0.345	0.935	0.975	0.975	1.0	0.935	0.935	0.935	0.935	0.935	0.935	0.855	1.0	0.84	0.705	0.86	0.895	0.84	1.0	1.0	0.685	0.945	1.0	0.99	0.915	0.025	0.215	0.01	0.26	0.075	0.09	0.025	0.015	0.07	0.055	0.105	0.355	0.845	0.51	0.845	0.775	0.86	0.355	0.935	0.935	0.935	0.935	0.935	0.935	0.935	0.935	0.935	0.935	0.935	0.93	0.935	0.935	0.935	0.935	0.935	0.935
G2-1107	0.885	0.885	0.885	0.995	1.0	1.0	0.9	0.885	0.94	0.83	0.885	0.805	0.88	0.885	0.885	0.885	0.885	0.885	0.885	1.0	0.905	0.745	0.785	0.645	0.66	0.885	0.885	0.32	0.265	0.38	0.445	0.135	0.055	0.05	0.0	0.06	0.04	0.085	0.07	0.07	0.87	0.845	1.0	0.295	0.935	0.975	0.975	1.0	0.885	0.885	0.885	0.885	0.885	0.885	0.805	1.0	0.79	0.655	0.81	0.845	0.79	1.0	1.0	0.685	0.945	1.0	0.99	0.915	0.075	0.165	0.04	0.21	0.075	0.055	0.075	0.035	0.02	0.005	0.055	0.305	0.795	0.46	0.795	0.725	0.81	0.305	0.885	0.885	0.885	0.915	0.885	0.885	0.885	0.885	0.885	0.885	0.885	0.88	0.885	0.885	0.885	0.885	0.885	0.885
G2-1108	0.94	0.945	0.94	0.99	0.995	0.995	0.94	0.94	0.94	0.89	0.94	0.865	0.94	0.945	0.945	0.945	0.94	0.945	0.94	0.995	0.94	0.805	0.845	0.705	0.72	0.945	0.945	0.38	0.325	0.44	0.505	0.145	0.005	0.01	0.06	0.0	0.02	0.03	0.01	0.015	0.93	0.845	1.0	0.355	0.93	0.97	0.975	0.995	0.94	0.945	0.945	0.945	0.945	0.94	0.865	0.995	0.85	0.715	0.87	0.905	0.85	0.995	0.995	0.68	0.94	0.995	0.99	0.915	0.015	0.225	0.02	0.27	0.075	0.095	0.02	0.025	0.08	0.065	0.115	0.36	0.85	0.515	0.85	0.78	0.865	0.36	0.945	0.945	0.94	0.94	0.94	0.94	0.94	0.945	0.94	0.94	0.94	0.935	0.94	0.945	0.945	0.945	0.94	0.94
G2-1109	0.92	0.925	0.92	0.99	0.995	0.995	0.92	0.92	0.935	0.87	0.92	0.845	0.92	0.925	0.925	0.925	0.92	0.925	0.92	0.995	0.92	0.785	0.825	0.685	0.7	0.925	0.925	0.36	0.305	0.42	0.485	0.13	0.02	0.015	0.04	0.02	0.0	0.05	0.03	0.035	0.91	0.84	1.0	0.335	0.93	0.97	0.975	0.995	0.92	0.925	0.925	0.925	0.925	0.92	0.845	0.995	0.83	0.695	0.85	0.885	0.83	0.995	0.995	0.68	0.94	0.995	0.99	0.915	0.035	0.205	0.005	0.25	0.075	0.075	0.04	0.005	0.06	0.045	0.095	0.34	0.83	0.495	0.83	0.76	0.845	0.34	0.925	0.925	0.92	0.92	0.92	0.92	0.92	0.925	0.92	0.92	0.92	0.915	0.92	0.925	0.925	0.925	0.92	0.92
G2-1110	0.965	0.965	0.97	0.995	1.0	1.0	0.97	0.97	0.97	0.91	0.97	0.89	0.965	0.97	0.97	0.97	0.965	0.965	0.965	0.995	0.965	0.83	0.87	0.73	0.74	0.965	0.965	0.405	0.35	0.465	0.525	0.17	0.03	0.035	0.085	0.03	0.05	0.0	0.02	0.015	0.95	0.87	1.0	0.38	0.93	0.97	0.97	0.995	0.965	0.97	0.97	0.97	0.97	0.97	0.885	1.0	0.87	0.735	0.895	0.93	0.87	1.0	1.0	0.68	0.945	0.995	0.985	0.91	0.02	0.25	0.045	0.295	0.085	0.125	0.01	0.05	0.105	0.09	0.14	0.39	0.88	0.545	0.88	0.81	0.895	0.39	0.97	0.97	0.97	0.97	0.965	0.97	0.965	0.97	0.965	0.97	0.965	0.965	0.965	0.97	0.965	0.97	0.965	0.97
G2-1111	0.95	0.955	0.95	0.99	0.995	0.995	0.95	0.95	0.95	0.9	0.95	0.875	0.95	0.955	0.955	0.955	0.95	0.955	0.95	0.995	0.95	0.815	0.855	0.715	0.73	0.955	0.955	0.39	0.335	0.45	0.515	0.155	0.015	0.02	0.07	0.01	0.03	0.02	0.0	0.005	0.94	0.855	1.0	0.365	0.93	0.97	0.975	0.995	0.95	0.955	0.955	0.955	0.955	0.95	0.875	0.995	0.86	0.725	0.88	0.915	0.86	0.995	0.995	0.68	0.94	0.995	0.99	0.915	0.01	0.235	0.03	0.28	0.075	0.105	0.01	0.035	0.09	0.075	0.125	0.37	0.86	0.525	0.86	0.79	0.875	0.37	0.955	0.955	0.95	0.95	0.95	0.95	0.95	0.955	0.95	0.95	0.95	0.945	0.95	0.955	0.955	0.955	0.95	0.95
G2-1113	0.95	0.95	0.955	0.995	1.0	1.0	0.955	0.955	0.955	0.895	0.955	0.875	0.95	0.955	0.955	0.955	0.95	0.95	0.95	0.995	0.95	0.815	0.855	0.715	0.725	0.95	0.95	0.39	0.335	0.45	0.51	0.155	0.015	0.02	0.07	0.015	0.035	0.015	0.005	0.0	0.935	0.855	1.0	0.365	0.93	0.97	0.97	0.995	0.95	0.955	0.955	0.955	0.955	0.955	0.87	1.0	0.855	0.72	0.88	0.915	0.855	1.0	1.0	0.68	0.945	0.995	0.985	0.91	0.01	0.235	0.03	0.28	0.075	0.11	0.005	0.035	0.09	0.075	0.125	0.375	0.865	0.53	0.865	0.795	0.88	0.375	0.955	0.955	0.955	0.955	0.95	0.955	0.95	0.955	0.95	0.955	0.95	0.95	0.95	0.955	0.95	0.955	0.95	0.955
G2-194	0.29	0.215	0.515	0.89	0.865	0.94	0.845	0.545	0.865	0.27	0.57	0.24	0.24	0.245	0.44	0.425	0.53	0.245	0.315	0.915	0.865	0.65	0.26	0.34	0.36	0.395	0.225	0.665	0.83	0.69	0.72	0.87	0.925	0.92	0.87	0.93	0.91	0.95	0.94	0.935	0.0	0.675	0.785	0.815	0.965	0.76	0.74	0.75	0.25	0.27	0.255	0.26	0.245	0.27	0.25	1.0	0.33	0.43	0.505	0.265	0.26	1.0	1.0	0.96	0.98	0.775	0.77	0.76	0.935	0.79	0.91	0.75	0.94	0.88	0.94	0.905	0.85	0.865	0.825	0.57	0.355	0.435	0.37	0.565	0.29	0.85	0.645	0.245	0.645	0.905	0.27	0.41	0.575	0.22	0.36	0.24	0.445	0.55	0.1	0.115	0.12	0.095	0.215	0.125
G2-197	0.825	0.85	0.88	0.865	0.8	0.92	0.81	0.74	0.795	0.865	0.75	0.84	0.9	0.9	0.86	0.86	0.805	0.9	0.91	0.77	0.815	0.815	0.845	0.815	0.805	0.85	0.515	0.845	0.845	0.845	0.745	0.725	0.845	0.845	0.845	0.845	0.84	0.87	0.855	0.855	0.675	0.0	0.305	0.845	0.865	0.265	0.22	0.23	0.9	0.86	0.915	0.92	0.9	0.925	0.845	0.965	0.835	0.84	0.865	0.9	0.84	0.965	0.965	0.77	0.905	0.265	0.29	0.215	0.855	0.845	0.845	0.845	0.865	0.84	0.86	0.845	0.845	0.845	0.83	0.83	0.77	0.84	0.755	0.77	0.745	0.81	0.775	0.8	0.875	0.9	0.875	0.815	0.845	0.84	0.8	0.85	0.825	0.82	0.705	0.665	0.745	0.75	0.875	0.74
G2-198	0.915	0.93	0.99	0.92	0.785	0.97	0.855	0.81	0.84	0.985	0.795	0.98	0.965	0.96	0.855	0.855	0.905	0.975	0.98	0.92	0.985	0.97	1.0	0.97	0.97	0.855	0.595	1.0	1.0	1.0	1.0	0.975	1.0	1.0	1.0	1.0	1.0	1.0	1.0	1.0	0.785	0.305	0.0	1.0	1.0	0.05	0.185	0.16	0.975	0.885	0.975	0.98	0.96	0.99	1.0	1.0	1.0	1.0	1.0	1.0	1.0	1.0	1.0	1.0	1.0	0.18	0.205	0.11	1.0	1.0	1.0	1.0	1.0	1.0	1.0	1.0	1.0	1.0	0.985	0.99	0.955	1.0	0.94	0.96	0.915	1.0	0.77	0.84	0.98	1.0	0.98	0.9	0.855	0.9	0.855	0.92	0.88	0.855	0.8	0.74	0.82	0.81	0.965	0.81
G2-199	0.73	0.76	0.81	0.995	0.995	0.99	0.855	0.62	0.935	0.635	0.785	0.635	0.83	0.835	0.835	0.835	0.785	0.785	0.785	0.97	0.855	0.53	0.675	0.57	0.58	0.835	0.795	0.165	0.05	0.17	0.28	0.34	0.35	0.345	0.295	0.355	0.335	0.38	0.365	0.365	0.815	0.845	1.0	0.0	0.935	0.965	0.975	0.99	0.835	0.835	0.835	0.835	0.835	0.835	0.7	1.0	0.54	0.49	0.54	0.765	0.725	1.0	1.0	0.635	0.945	0.995	0.99	0.915	0.365	0.17	0.335	0.16	0.32	0.26	0.37	0.33	0.275	0.29	0.265	0.255	0.73	0.41	0.735	0.645	0.75	0.24	0.82	0.655	0.795	0.865	0.815	0.785	0.82	0.825	0.785	0.825	0.785	0.795	0.79	0.82	0.81	0.785	0.81	0.785
G2-21	0.985	0.995	0.885	0.96	0.95	0.955	0.39	0.815	0.895	0.94	0.92	0.935	0.995	1.0	1.0	1.0	0.665	0.985	0.99	0.825	0.955	0.935	0.935	0.935	0.925	0.99	0.995	0.935	0.935	0.935	0.9	0.875	0.935	0.935	0.935	0.93	0.93	0.93	0.93	0.93	0.965	0.865	1.0	0.935	0.0	0.96	0.965	0.96	0.985	1.0	1.0	1.0	1.0	0.995	0.92	0.105	0.925	0.93	0.935	0.96	0.93	0.105	0.105	0.61	0.05	0.825	0.985	0.93	0.925	0.935	0.935	0.935	0.935	0.93	0.93	0.935	0.935	0.935	0.935	0.93	0.705	0.93	0.76	0.58	0.77	0.845	1.0	1.0	0.39	0.225	0.745	0.695	0.985	1.0	0.96	0.99	0.97	0.92	0.98	1.0	0.99	1.0	0.98	0.99
G2-210	0.895	0.915	0.975	0.91	0.785	0.95	0.855	0.79	0.845	0.945	0.79	0.945	0.96	0.96	0.87	0.87	0.88	0.96	0.96	0.895	0.96	0.935	0.965	0.935	0.93	0.865	0.58	0.965	0.965	0.965	0.96	0.935	0.975	0.975	0.975	0.97	0.97	0.97	0.97	0.97	0.76	0.265	0.05	0.965	0.96	0.0	0.195	0.155	0.96	0.885	0.975	0.98	0.96	0.985	0.97	0.99	0.965	0.96	0.965	0.975	0.97	0.99	0.99	0.95	0.965	0.165	0.205	0.095	0.96	0.965	0.975	0.965	0.965	0.96	0.97	0.975	0.975	0.975	0.96	0.96	0.91	0.97	0.895	0.915	0.87	0.955	0.775	0.83	0.96	0.98	0.965	0.88	0.85	0.89	0.85	0.9	0.855	0.845	0.78	0.73	0.805	0.8	0.945	0.79
G2-211	0.88	0.9	0.965	0.915	0.705	0.97	0.755	0.785	0.735	0.955	0.69	0.955	0.94	0.935	0.75	0.825	0.875	0.935	0.95	0.855	0.895	0.945	0.975	0.945	0.935	0.74	0.565	0.975	0.975	0.975	0.915	0.885	0.975	0.975	0.975	0.975	0.975	0.97	0.975	0.97	0.74	0.22	0.185	0.975	0.965	0.195	0.0	0.14	0.945	0.86	0.95	0.955	0.935	0.965	0.96	1.0	0.96	0.97	0.975	0.975	0.97	1.0	1.0	0.94	1.0	0.24	0.12	0.16	0.97	0.975	0.975	0.975	0.975	0.975	0.97	0.975	0.975	0.975	0.96	0.965	0.93	0.975	0.915	0.935	0.89	0.975	0.665	0.815	0.955	0.975	0.95	0.875	0.74	0.875	0.695	0.895	0.835	0.75	0.76	0.715	0.785	0.785	0.925	0.785
G2-212	0.88	0.905	0.97	0.905	0.77	0.945	0.84	0.785	0.83	0.97	0.775	0.97	0.965	0.96	0.86	0.86	0.875	0.95	0.96	0.835	0.91	0.96	0.99	0.96	0.95	0.85	0.57	0.99	0.99	0.99	0.93	0.91	1.0	1.0	1.0	0.995	0.995	0.995	0.995	0.995	0.75	0.23	0.16	0.99	0.96	0.155	0.14	0.0	0.965	0.885	0.975	0.98	0.96	0.985	0.985	0.995	0.985	0.985	0.99	1.0	0.995	0.995	0.995	0.925	0.99	0.2	0.205	0.165	0.985	0.99	1.0	0.99	0.99	0.985	0.995	1.0	1.0	1.0	0.985	0.985	0.94	0.995	0.925	0.945	0.9	0.985	0.765	0.83	0.955	0.98	0.965	0.885	0.835	0.89	0.79	0.905	0.845	0.845	0.76	0.72	0.795	0.8	0.925	0.795
G2-213	0.36	0.14	0.535	0.98	0.965	0.99	0.865	0.645	0.905	0.28	0.66	0.23	0.11	0.135	0.39	0.32	0.56	0.26	0.315	0.96	0.875	0.675	0.275	0.365	0.395	0.37	0.445	0.685	0.85	0.71	0.755	0.89	0.94	0.935	0.885	0.94	0.92	0.965	0.95	0.95	0.25	0.9	0.975	0.835	0.985	0.96	0.945	0.965	0.0	0.165	0.03	0.05	0.02	0.055	0.15	0.99	0.355	0.395	0.525	0.155	0.15	0.99	0.99	0.985	0.99	0.96	0.97	0.965	0.95	0.81	0.925	0.77	0.96	0.895	0.955	0.92	0.865	0.88	0.855	0.59	0.41	0.445	0.44	0.615	0.385	0.86	0.745	0.32	0.655	0.905	0.265	0.425	0.59	0.13	0.385	0.12	0.465	0.56	0.31	0.335	0.205	0.23	0.12	0.24
G2-214	0.34	0.235	0.545	0.99	0.885	1.0	0.785	0.565	0.825	0.285	0.58	0.285	0.095	0.085	0.265	0.155	0.505	0.28	0.325	0.92	0.89	0.67	0.305	0.36	0.4	0.28	0.435	0.685	0.85	0.71	0.76	0.905	0.94	0.935	0.885	0.945	0.925	0.97	0.955	0.955	0.27	0.86	0.885	0.835	1.0	0.885	0.86	0.885	0.165	0.0	0.175	0.185	0.155	0.185	0.305	1.0	0.36	0.38	0.525	0.305	0.305	1.0	1.0	1.0	1.0	0.915	0.885	0.88	0.96	0.81	0.925	0.77	0.96	0.9	0.96	0.92	0.865	0.88	0.855	0.595	0.42	0.45	0.45	0.625	0.395	0.87	0.655	0.245	0.665	0.915	0.285	0.37	0.51	0.225	0.305	0.225	0.39	0.48	0.32	0.305	0.23	0.28	0.28	0.23
G2-215	0.37	0.145	0.545	0.99	0.975	1.0	0.875	0.655	0.915	0.285	0.67	0.23	0.12	0.145	0.385	0.33	0.575	0.265	0.325	0.975	0.89	0.675	0.275	0.365	0.4	0.37	0.45	0.685	0.85	0.71	0.76	0.905	0.94	0.935	0.885	0.945	0.925	0.97	0.955	0.955	0.255	0.915	0.975	0.835	1.0	0.975	0.95	0.975	0.03	0.175	0.0	0.02	0.025	0.03	0.155	1.0	0.36	0.395	0.525	0.13	0.13	1.0	1.0	1.0	1.0	0.975	0.975	0.97	0.96	0.81	0.925	0.77	0.96	0.9	0.96	0.92	0.865	0.88	0.855	0.595	0.42	0.45	0.45	0.625	0.395	0.87	0.745	0.32	0.665	0.915	0.28	0.435	0.6	0.105	0.395	0.105	0.48	0.57	0.32	0.335	0.21	0.23	0.105	0.25
G2-216	0.375	0.15	0.545	0.99	0.98	1.0	0.88	0.66	0.92	0.285	0.675	0.23	0.13	0.155	0.38	0.34	0.58	0.27	0.325	0.98	0.89	0.68	0.275	0.37	0.4	0.375	0.455	0.685	0.85	0.71	0.76	0.91	0.94	0.935	0.885	0.945	0.925	0.97	0.955	0.955	0.26	0.92	0.98	0.835	1.0	0.98	0.955	0.98	0.05	0.185	0.02	0.0	0.045	0.015	0.155	1.0	0.36	0.385	0.525	0.13	0.12	1.0	1.0	1.0	1.0	0.98	0.98	0.975	0.96	0.81	0.925	0.77	0.96	0.9	0.96	0.92	0.865	0.88	0.855	0.595	0.42	0.45	0.45	0.625	0.395	0.87	0.75	0.325	0.665	0.915	0.28	0.44	0.605	0.1	0.4	0.1	0.485	0.575	0.325	0.34	0.215	0.235	0.1	0.255
G2-217	0.355	0.13	0.545	0.99	0.96	1.0	0.86	0.64	0.9	0.285	0.655	0.23	0.105	0.125	0.375	0.31	0.56	0.265	0.325	0.96	0.89	0.67	0.275	0.36	0.4	0.36	0.435	0.685	0.85	0.71	0.76	0.905	0.94	0.935	0.885	0.945	0.925	0.97	0.955	0.955	0.245	0.9	0.96	0.835	1.0	0.96	0.935	0.96	0.02	0.155	0.025	0.045	0.0	0.055	0.155	1.0	0.36	0.4	0.525	0.15	0.15	1.0	1.0	1.0	1.0	0.96	0.96	0.955	0.96	0.81	0.925	0.77	0.96	0.9	0.96	0.92	0.865	0.88	0.855	0.595	0.42	0.45	0.45	0.625	0.395	0.87	0.73	0.305	0.665	0.915	0.28	0.42	0.585	0.11	0.38	0.11	0.465	0.555	0.32	0.32	0.195	0.23	0.125	0.235
G2-218	0.38	0.16	0.54	0.985	0.985	0.995	0.885	0.665	0.925	0.29	0.68	0.24	0.13	0.155	0.38	0.34	0.585	0.28	0.33	0.985	0.89	0.69	0.275	0.38	0.41	0.385	0.465	0.685	0.85	0.71	0.76	0.915	0.94	0.935	0.885	0.94	0.92	0.97	0.95	0.955	0.27	0.925	0.99	0.835	0.995	0.985	0.965	0.985	0.055	0.185	0.03	0.015	0.055	0.0	0.155	0.995	0.36	0.38	0.525	0.13	0.125	0.995	0.995	0.995	0.995	0.985	0.99	0.985	0.955	0.81	0.925	0.77	0.96	0.895	0.96	0.92	0.865	0.88	0.855	0.59	0.415	0.445	0.445	0.62	0.39	0.865	0.76	0.335	0.665	0.91	0.285	0.445	0.61	0.115	0.405	0.11	0.49	0.58	0.33	0.35	0.225	0.245	0.11	0.26
G2-219	0.33	0.11	0.535	0.995	1.0	1.0	0.86	0.625	0.935	0.195	0.665	0.115	0.245	0.275	0.475	0.46	0.595	0.275	0.34	0.985	0.89	0.565	0.185	0.31	0.33	0.43	0.47	0.55	0.715	0.575	0.61	0.835	0.86	0.855	0.805	0.865	0.845	0.885	0.875	0.87	0.25	0.845	1.0	0.7	0.92	0.97	0.96	0.985	0.15	0.305	0.155	0.155	0.155	0.155	0.0	1.0	0.215	0.315	0.395	0.085	0.055	1.0	1.0	0.905	0.945	0.995	0.985	0.91	0.875	0.705	0.845	0.655	0.88	0.82	0.875	0.84	0.785	0.8	0.775	0.515	0.34	0.37	0.37	0.545	0.32	0.79	0.765	0.29	0.675	0.915	0.275	0.42	0.615	0.155	0.405	0.155	0.49	0.59	0.33	0.36	0.225	0.255	0.14	0.275
G2-22	0.995	1.0	0.885	0.96	0.95	0.955	0.39	0.815	0.895	1.0	0.92	1.0	1.0	1.0	1.0	1.0	0.67	1.0	0.995	0.86	0.99	1.0	1.0	1.0	1.0	1.0	1.0	1.0	1.0	1.0	1.0	0.975	1.0	1.0	1.0	0.995	0.995	1.0	0.995	1.0	1.0	0.965	1.0	1.0	0.105	0.99	1.0	0.995	0.99	1.0	1.0	1.0	1.0	0.995	1.0	0.0	1.0	1.0	1.0	1.0	1.0	0.005	0.005	0.71	0.06	0.83	1.0	1.0	0.995	1.0	1.0	1.0	1.0	0.995	1.0	1.0	1.0	1.0	1.0	0.995	0.77	0.995	0.825	0.645	0.835	0.91	1.0	1.0	0.39	0.225	0.75	0.695	0.995	1.0	0.995	0.99	0.985	0.925	0.995	1.0	1.0	1.0	0.995	0.99
G2-220	0.285	0.29	0.53	0.995	0.995	0.995	0.855	0.48	0.935	0.2	0.66	0.205	0.355	0.36	0.475	0.46	0.59	0.345	0.35	0.98	0.885	0.485	0.25	0.29	0.31	0.43	0.465	0.53	0.59	0.5	0.585	0.82	0.845	0.84	0.79	0.85	0.83	0.87	0.86	0.855	0.33	0.835	1.0	0.54	0.925	0.965	0.96	0.985	0.355	0.36	0.36	0.36	0.36	0.36	0.215	1.0	0.0	0.285	0.2	0.29	0.245	1.0	1.0	0.89	0.945	0.99	0.985	0.91	0.855	0.685	0.83	0.635	0.86	0.8	0.86	0.825	0.77	0.785	0.76	0.5	0.325	0.355	0.355	0.525	0.315	0.77	0.76	0.225	0.67	0.91	0.335	0.415	0.61	0.355	0.405	0.355	0.485	0.585	0.345	0.355	0.345	0.355	0.345	0.355
G2-221	0.375	0.375	0.53	0.995	0.995	0.99	0.855	0.595	0.935	0.26	0.645	0.25	0.375	0.38	0.4	0.385	0.545	0.4	0.4	0.965	0.83	0.435	0.285	0.19	0.185	0.405	0.43	0.35	0.505	0.365	0.41	0.695	0.71	0.705	0.655	0.715	0.695	0.735	0.725	0.72	0.43	0.84	1.0	0.49	0.93	0.96	0.97	0.985	0.395	0.38	0.395	0.385	0.4	0.38	0.315	1.0	0.285	0.0	0.355	0.375	0.34	1.0	1.0	0.715	0.945	0.99	0.985	0.91	0.72	0.505	0.695	0.455	0.68	0.62	0.725	0.69	0.635	0.65	0.625	0.365	0.35	0.225	0.355	0.435	0.37	0.59	0.755	0.34	0.64	0.865	0.43	0.41	0.605	0.445	0.4	0.445	0.45	0.555	0.405	0.44	0.425	0.405	0.425	0.405
G2-222	0.42	0.45	0.53	0.995	0.995	0.99	0.855	0.465	0.935	0.345	0.645	0.35	0.52	0.525	0.525	0.525	0.575	0.5	0.5	0.975	0.88	0.48	0.41	0.42	0.42	0.525	0.5	0.53	0.59	0.5	0.595	0.855	0.865	0.86	0.81	0.87	0.85	0.895	0.88	0.88	0.505	0.865	1.0	0.54	0.935	0.965	0.975	0.99	0.525	0.525	0.525	0.525	0.525	0.525	0.395	1.0	0.2	0.355	0.0	0.45	0.435	1.0	1.0	0.9	0.945	0.995	0.99	0.92	0.88	0.685	0.85	0.635	0.86	0.8	0.885	0.845	0.79	0.805	0.78	0.52	0.435	0.45	0.44	0.525	0.44	0.77	0.755	0.37	0.65	0.89	0.505	0.475	0.61	0.515	0.5	0.515	0.5	0.565	0.5	0.51	0.5	0.5	0.5	0.5
G2-223	0.365	0.14	0.535	0.995	1.0	1.0	0.87	0.65	0.935	0.205	0.665	0.155	0.245	0.275	0.475	0.46	0.6	0.29	0.345	1.0	0.905	0.57	0.215	0.29	0.32	0.44	0.475	0.615	0.78	0.64	0.69	0.89	0.9	0.895	0.845	0.905	0.885	0.93	0.915	0.915	0.265	0.9	1.0	0.765	0.96	0.975	0.975	1.0	0.155	0.305	0.13	0.13	0.15	0.13	0.085	1.0	0.29	0.375	0.45	0.0	0.075	1.0	1.0	0.96	0.96	1.0	0.99	0.955	0.92	0.745	0.885	0.7	0.92	0.86	0.92	0.88	0.825	0.84	0.815	0.555	0.38	0.41	0.41	0.585	0.355	0.83	0.765	0.315	0.675	0.915	0.28	0.43	0.625	0.13	0.42	0.13	0.505	0.59	0.345	0.36	0.235	0.255	0.13	0.275
G2-224	0.375	0.15	0.54	0.995	1.0	1.0	0.885	0.665	0.935	0.235	0.68	0.155	0.245	0.275	0.475	0.46	0.595	0.285	0.34	0.995	0.9	0.59	0.17	0.295	0.32	0.435	0.47	0.575	0.74	0.6	0.645	0.83	0.845	0.84	0.79	0.85	0.83	0.87	0.86	0.855	0.26	0.84	1.0	0.725	0.93	0.97	0.97	0.995	0.15	0.305	0.13	0.12	0.15	0.125	0.055	1.0	0.245	0.34	0.435	0.075	0.0	1.0	1.0	0.9	0.945	0.995	0.985	0.91	0.86	0.7	0.83	0.66	0.865	0.805	0.86	0.825	0.77	0.785	0.76	0.5	0.33	0.355	0.36	0.53	0.32	0.775	0.765	0.33	0.675	0.915	0.28	0.445	0.62	0.115	0.415	0.115	0.5	0.59	0.34	0.36	0.23	0.255	0.11	0.275
G2-23	0.995	1.0	0.885	0.96	0.95	0.955	0.385	0.815	0.895	1.0	0.92	1.0	1.0	1.0	1.0	1.0	0.67	1.0	0.995	0.86	0.99	1.0	1.0	1.0	1.0	1.0	1.0	1.0	1.0	1.0	1.0	0.975	1.0	1.0	1.0	0.995	0.995	1.0	0.995	1.0	1.0	0.965	1.0	1.0	0.105	0.99	1.0	0.995	0.99	1.0	1.0	1.0	1.0	0.995	1.0	0.005	1.0	1.0	1.0	1.0	1.0	0.0	0.0	0.71	0.06	0.83	1.0	1.0	0.995	1.0	1.0	1.0	1.0	0.995	1.0	1.0	1.0	1.0	1.0	0.995	0.77	0.995	0.825	0.64	0.835	0.91	1.0	1.0	0.39	0.22	0.75	0.695	0.995	1.0	0.995	0.99	0.985	0.925	0.995	1.0	1.0	1.0	0.995	0.99
G2-24	0.995	1.0	0.885	0.96	0.95	0.955	0.385	0.815	0.895	1.0	0.92	1.0	1.0	1.0	1.0	1.0	0.67	1.0	0.995	0.86	0.99	1.0	1.0	1.0	1.0	1.0	1.0	1.0	1.0	1.0	1.0	0.975	1.0	1.0	1.0	0.995	0.995	1.0	0.995	1.0	1.0	0.965	1.0	1.0	0.105	0.99	1.0	0.995	0.99	1.0	1.0	1.0	1.0	0.995	1.0	0.005	1.0	1.0	1.0	1.0	1.0	0.0	0.0	0.71	0.06	0.83	1.0	1.0	0.995	1.0	1.0	1.0	1.0	0.995	1.0	1.0	1.0	1.0	1.0	0.995	0.77	0.995	0.825	0.64	0.835	0.91	1.0	1.0	0.39	0.22	0.75	0.695	0.995	1.0	0.995	0.99	0.985	0.925	0.995	1.0	1.0	1.0	0.995	0.99
G2-25	0.975	0.98	0.88	0.96	0.945	0.945	0.705	0.795	0.895	0.845	0.9	0.865	0.995	1.0	1.0	1.0	0.64	0.835	0.84	0.62	0.72	0.71	0.755	0.735	0.735	0.99	0.955	0.62	0.615	0.59	0.445	0.59	0.685	0.685	0.685	0.68	0.68	0.68	0.68	0.68	0.96	0.77	1.0	0.635	0.61	0.95	0.94	0.925	0.985	1.0	1.0	1.0	1.0	0.995	0.905	0.71	0.89	0.715	0.9	0.96	0.9	0.71	0.71	0.0	0.655	0.82	0.985	0.915	0.67	0.62	0.685	0.625	0.61	0.63	0.68	0.685	0.685	0.685	0.685	0.68	0.665	0.68	0.725	0.52	0.75	0.515	0.99	0.945	0.675	0.58	0.745	0.7	0.97	0.99	0.885	0.98	0.92	0.885	0.935	0.985	0.965	0.935	0.955	0.915
G2-26	0.99	0.995	0.88	0.955	0.945	0.95	0.385	0.81	0.89	0.945	0.915	0.945	0.995	1.0	1.0	1.0	0.665	1.0	0.995	0.855	0.99	0.945	0.945	0.945	0.945	1.0	0.995	0.945	0.945	0.945	0.945	0.92	0.945	0.945	0.945	0.94	0.94	0.945	0.94	0.945	0.98	0.905	1.0	0.945	0.05	0.965	1.0	0.99	0.99	1.0	1.0	1.0	1.0	0.995	0.945	0.06	0.945	0.945	0.945	0.96	0.945	0.06	0.06	0.655	0.0	0.83	0.99	0.945	0.94	0.945	0.945	0.945	0.945	0.94	0.945	0.945	0.945	0.945	0.945	0.94	0.715	0.94	0.77	0.59	0.78	0.855	1.0	1.0	0.385	0.22	0.745	0.695	0.995	1.0	0.995	0.99	0.98	0.92	0.99	0.995	0.995	1.0	0.99	0.99
G2-27	0.9	0.92	0.87	0.88	0.79	0.92	0.74	0.67	0.795	0.975	0.77	0.975	0.965	0.96	0.915	0.915	0.735	0.965	0.965	0.77	0.965	0.965	0.995	0.965	0.96	0.91	0.585	0.995	0.995	0.995	0.99	0.945	1.0	1.0	1.0	0.995	0.995	0.995	0.995	0.995	0.775	0.265	0.18	0.995	0.825	0.165	0.24	0.2	0.96	0.915	0.975	0.98	0.96	0.985	0.995	0.83	0.99	0.99	0.995	1.0	0.995	0.83	0.83	0.82	0.83	0.0	0.26	0.185	0.985	0.995	1.0	0.995	0.995	0.99	0.995	1.0	1.0	1.0	0.985	0.985	0.78	0.995	0.765	0.785	0.745	0.905	0.825	0.85	0.805	0.825	0.805	0.73	0.9	0.895	0.9	0.905	0.89	0.835	0.785	0.735	0.81	0.805	0.95	0.795
G2-28	0.91	0.925	0.99	0.92	0.595	0.97	0.78	0.81	0.65	0.97	0.605	0.97	0.96	0.96	0.665	0.85	0.9	0.97	0.975	0.915	0.98	0.96	0.99	0.96	0.955	0.66	0.59	0.99	0.99	0.99	0.985	0.96	0.99	0.99	0.99	0.99	0.99	0.985	0.99	0.985	0.77	0.29	0.205	0.99	0.985	0.205	0.12	0.205	0.97	0.885	0.975	0.98	0.96	0.99	0.985	1.0	0.985	0.985	0.99	0.99	0.985	1.0	1.0	0.985	0.99	0.26	0.0	0.175	0.985	0.99	0.99	0.99	0.99	0.99	0.985	0.99	0.99	0.99	0.975	0.98	0.945	0.99	0.93	0.95	0.905	0.99	0.58	0.84	0.98	1.0	0.975	0.9	0.66	0.9	0.72	0.92	0.875	0.66	0.795	0.74	0.815	0.81	0.96	0.81
G2-29	0.905	0.92	0.985	0.915	0.77	0.97	0.835	0.805	0.82	0.92	0.775	0.895	0.955	0.955	0.835	0.845	0.895	0.965	0.97	0.915	0.975	0.885	0.915	0.885	0.88	0.83	0.585	0.915	0.915	0.915	0.91	0.885	0.915	0.915	0.915	0.915	0.915	0.91	0.915	0.91	0.76	0.215	0.11	0.915	0.93	0.095	0.16	0.165	0.965	0.88	0.97	0.975	0.955	0.985	0.91	1.0	0.91	0.91	0.92	0.955	0.91	1.0	1.0	0.915	0.945	0.185	0.175	0.0	0.91	0.915	0.915	0.915	0.915	0.915	0.91	0.915	0.915	0.915	0.9	0.905	0.87	0.915	0.855	0.875	0.835	0.915	0.75	0.835	0.975	0.995	0.97	0.895	0.83	0.895	0.83	0.915	0.87	0.83	0.79	0.735	0.81	0.805	0.955	0.805
G2-313	0.945	0.95	0.95	0.99	0.99	0.99	0.95	0.95	0.955	0.895	0.95	0.875	0.955	0.96	0.96	0.96	0.945	0.95	0.945	0.985	0.945	0.815	0.855	0.715	0.725	0.955	0.95	0.39	0.335	0.45	0.51	0.155	0.02	0.025	0.075	0.015	0.035	0.02	0.01	0.01	0.935	0.855	1.0	0.365	0.925	0.96	0.97	0.985	0.95	0.96	0.96	0.96	0.96	0.955	0.875	0.995	0.855	0.72	0.88	0.92	0.86	0.995	0.995	0.67	0.94	0.985	0.985	0.91	0.0	0.235	0.035	0.28	0.07	0.105	0.01	0.04	0.095	0.08	0.13	0.375	0.86	0.53	0.86	0.79	0.875	0.37	0.955	0.955	0.95	0.95	0.95	0.95	0.945	0.955	0.945	0.95	0.945	0.945	0.945	0.955	0.95	0.955	0.945	0.95
G2-314	0.775	0.77	0.785	0.995	0.995	0.99	0.87	0.765	0.935	0.665	0.765	0.65	0.805	0.81	0.81	0.81	0.745	0.745	0.745	0.97	0.84	0.58	0.635	0.545	0.555	0.81	0.77	0.155	0.14	0.215	0.28	0.21	0.22	0.215	0.165	0.225	0.205	0.25	0.235	0.235	0.79	0.845	1.0	0.17	0.935	0.965	0.975	0.99	0.81	0.81	0.81	0.81	0.81	0.81	0.705	1.0	0.685	0.505	0.685	0.745	0.7	1.0	1.0	0.62	0.945	0.995	0.99	0.915	0.235	0.0	0.205	0.05	0.175	0.13	0.24	0.2	0.145	0.16	0.135	0.23	0.705	0.385	0.71	0.62	0.725	0.225	0.795	0.73	0.77	0.85	0.79	0.775	0.795	0.8	0.755	0.8	0.76	0.77	0.765	0.795	0.785	0.745	0.785	0.745
G2-315	0.925	0.925	0.925	0.995	1.0	1.0	0.925	0.925	0.94	0.87	0.925	0.845	0.92	0.925	0.925	0.925	0.925	0.925	0.925	1.0	0.925	0.785	0.825	0.685	0.7	0.925	0.925	0.36	0.305	0.42	0.485	0.135	0.015	0.01	0.04	0.02	0.005	0.045	0.03	0.03	0.91	0.845	1.0	0.335	0.935	0.975	0.975	1.0	0.925	0.925	0.925	0.925	0.925	0.925	0.845	1.0	0.83	0.695	0.85	0.885	0.83	1.0	1.0	0.685	0.945	1.0	0.99	0.915	0.035	0.205	0.0	0.25	0.075	0.08	0.035	0.005	0.06	0.045	0.095	0.345	0.835	0.5	0.835	0.765	0.85	0.345	0.925	0.925	0.925	0.925	0.925	0.925	0.925	0.925	0.925	0.925	0.925	0.92	0.925	0.925	0.925	0.925	0.925	0.925
G2-316	0.725	0.72	0.745	0.995	0.995	0.99	0.86	0.715	0.935	0.62	0.72	0.6	0.765	0.77	0.77	0.77	0.71	0.71	0.71	0.97	0.845	0.535	0.6	0.505	0.515	0.77	0.73	0.11	0.135	0.17	0.235	0.255	0.265	0.26	0.21	0.27	0.25	0.295	0.28	0.28	0.75	0.845	1.0	0.16	0.935	0.965	0.975	0.99	0.77	0.77	0.77	0.77	0.77	0.77	0.655	1.0	0.635	0.455	0.635	0.7	0.66	1.0	1.0	0.625	0.945	0.995	0.99	0.915	0.28	0.05	0.25	0.0	0.225	0.175	0.285	0.245	0.19	0.205	0.18	0.19	0.665	0.345	0.67	0.58	0.685	0.23	0.755	0.68	0.73	0.855	0.75	0.725	0.755	0.76	0.715	0.76	0.72	0.73	0.725	0.755	0.745	0.71	0.745	0.71
G2-317	0.95	0.945	0.955	0.995	0.995	0.99	0.955	0.94	0.96	0.83	0.94	0.825	0.955	0.96	0.96	0.96	0.895	0.885	0.885	0.97	0.885	0.745	0.785	0.695	0.705	0.96	0.92	0.33	0.27	0.38	0.445	0.165	0.075	0.075	0.075	0.075	0.075	0.085	0.075	0.075	0.94	0.865	1.0	0.32	0.935	0.965	0.975	0.99	0.96	0.96	0.96	0.96	0.96	0.96	0.88	1.0	0.86	0.68	0.86	0.92	0.865	1.0	1.0	0.61	0.945	0.995	0.99	0.915	0.07	0.175	0.075	0.225	0.0	0.065	0.075	0.075	0.095	0.08	0.13	0.38	0.855	0.535	0.86	0.77	0.875	0.305	0.95	0.905	0.925	0.885	0.96	0.95	0.945	0.95	0.905	0.95	0.91	0.92	0.915	0.945	0.935	0.895	0.935	0.885
G2-318	0.885	0.885	0.89	0.99	0.99	0.985	0.89	0.875	0.935	0.795	0.875	0.77	0.895	0.9	0.9	0.9	0.845	0.85	0.845	0.965	0.85	0.71	0.75	0.635	0.645	0.9	0.86	0.285	0.23	0.345	0.41	0.13	0.095	0.09	0.055	0.095	0.075	0.125	0.105	0.11	0.88	0.84	1.0	0.26	0.93	0.96	0.975	0.985	0.895	0.9	0.9	0.9	0.9	0.895	0.82	0.995	0.8	0.62	0.8	0.86	0.805	0.995	0.995	0.63	0.94	0.99	0.99	0.915	0.105	0.13	0.08	0.175	0.065	0.0	0.115	0.075	0.055	0.055	0.07	0.315	0.79	0.47	0.795	0.705	0.81	0.265	0.89	0.85	0.86	0.86	0.895	0.885	0.88	0.89	0.845	0.885	0.845	0.855	0.85	0.885	0.875	0.85	0.87	0.845
G2-319	0.955	0.955	0.96	0.995	1.0	1.0	0.96	0.96	0.96	0.9	0.96	0.88	0.955	0.96	0.96	0.96	0.955	0.955	0.955	0.995	0.955	0.82	0.86	0.72	0.73	0.955	0.955	0.395	0.34	0.455	0.515	0.16	0.02	0.025	0.075	0.02	0.04	0.01	0.01	0.005	0.94	0.86	1.0	0.37	0.93	0.97	0.97	0.995	0.955	0.96	0.96	0.96	0.96	0.96	0.875	1.0	0.86	0.725	0.885	0.92	0.86	1.0	1.0	0.68	0.945	0.995	0.985	0.91	0.01	0.24	0.035	0.285	0.075	0.115	0.0	0.04	0.095	0.08	0.13	0.38	0.87	0.535	0.87	0.8	0.885	0.38	0.96	0.96	0.96	0.96	0.955	0.96	0.955	0.96	0.955	0.96	0.955	0.955	0.955	0.96	0.955	0.96	0.955	0.96
G2-320	0.92	0.92	0.92	0.995	1.0	1.0	0.92	0.92	0.94	0.865	0.92	0.84	0.915	0.92	0.92	0.92	0.92	0.92	0.92	1.0	0.92	0.78	0.82	0.68	0.695	0.92	0.92	0.355	0.3	0.415	0.48	0.135	0.02	0.015	0.035	0.025	0.005	0.05	0.035	0.035	0.905	0.845	1.0	0.33	0.935	0.975	0.975	1.0	0.92	0.92	0.92	0.92	0.92	0.92	0.84	1.0	0.825	0.69	0.845	0.88	0.825	1.0	1.0	0.685	0.945	1.0	0.99	0.915	0.04	0.2	0.005	0.245	0.075	0.075	0.04	0.0	0.055	0.04	0.09	0.34	0.83	0.495	0.83	0.76	0.845	0.34	0.92	0.92	0.92	0.92	0.92	0.92	0.92	0.92	0.92	0.92	0.92	0.915	0.92	0.92	0.92	0.92	0.92	0.92
G2-321	0.865	0.865	0.865	0.995	1.0	1.0	0.9	0.865	0.94	0.81	0.865	0.785	0.86	0.865	0.865	0.865	0.865	0.865	0.865	1.0	0.905	0.725	0.765	0.625	0.64	0.865	0.865	0.3	0.245	0.36	0.425	0.135	0.075	0.07	0.02	0.08	0.06	0.105	0.09	0.09	0.85	0.845	1.0	0.275	0.935	0.975	0.975	1.0	0.865	0.865	0.865	0.865	0.865	0.865	0.785	1.0	0.77	0.635	0.79	0.825	0.77	1.0	1.0	0.685	0.945	1.0	0.99	0.915	0.095	0.145	0.06	0.19	0.095	0.055	0.095	0.055	0.0	0.015	0.035	0.285	0.775	0.44	0.775	0.705	0.79	0.29	0.865	0.865	0.865	0.915	0.865	0.865	0.865	0.865	0.865	0.865	0.865	0.86	0.865	0.865	0.865	0.865	0.865	0.865
G2-322	0.88	0.88	0.88	0.995	1.0	1.0	0.9	0.88	0.94	0.825	0.88	0.8	0.875	0.88	0.88	0.88	0.88	0.88	0.88	1.0	0.905	0.74	0.78	0.64	0.655	0.88	0.88	0.315	0.26	0.375	0.44	0.135	0.06	0.055	0.005	0.065	0.045	0.09	0.075	0.075	0.865	0.845	1.0	0.29	0.935	0.975	0.975	1.0	0.88	0.88	0.88	0.88	0.88	0.88	0.8	1.0	0.785	0.65	0.805	0.84	0.785	1.0	1.0	0.685	0.945	1.0	0.99	0.915	0.08	0.16	0.045	0.205	0.08	0.055	0.08	0.04	0.015	0.0	0.05	0.3	0.79	0.455	0.79	0.72	0.805	0.3	0.88	0.88	0.88	0.915	0.88	0.88	0.88	0.88	0.88	0.88	0.88	0.875	0.88	0.88	0.88	0.88	0.88	0.88
G2-323	0.84	0.855	0.855	0.98	0.99	1.0	0.9	0.84	0.94	0.8	0.84	0.775	0.85	0.855	0.855	0.855	0.85	0.85	0.855	1.0	0.905	0.715	0.755	0.615	0.63	0.855	0.84	0.29	0.235	0.35	0.415	0.135	0.11	0.105	0.055	0.115	0.095	0.14	0.125	0.125	0.825	0.83	0.985	0.265	0.935	0.96	0.96	0.985	0.855	0.855	0.855	0.855	0.855	0.855	0.775	1.0	0.76	0.625	0.78	0.815	0.76	1.0	1.0	0.685	0.945	0.985	0.975	0.9	0.13	0.135	0.095	0.18	0.13	0.07	0.13	0.09	0.035	0.05	0.0	0.265	0.745	0.425	0.745	0.675	0.76	0.285	0.84	0.84	0.85	0.915	0.855	0.845	0.855	0.845	0.855	0.855	0.85	0.845	0.84	0.84	0.84	0.84	0.855	0.84
G2-324	0.58	0.595	0.59	0.98	0.985	0.995	0.895	0.665	0.935	0.54	0.68	0.515	0.59	0.595	0.595	0.595	0.595	0.595	0.59	0.995	0.9	0.56	0.495	0.355	0.37	0.595	0.585	0.12	0.27	0.205	0.32	0.345	0.36	0.355	0.305	0.36	0.34	0.39	0.37	0.375	0.57	0.83	0.99	0.255	0.93	0.96	0.965	0.985	0.59	0.595	0.595	0.595	0.595	0.59	0.515	0.995	0.5	0.365	0.52	0.555	0.5	0.995	0.995	0.68	0.94	0.985	0.98	0.905	0.375	0.23	0.345	0.19	0.38	0.315	0.38	0.34	0.285	0.3	0.265	0.0	0.49	0.165	0.49	0.45	0.505	0.285	0.76	0.585	0.67	0.91	0.59	0.58	0.62	0.585	0.59	0.59	0.59	0.585	0.58	0.585	0.585	0.585	0.59	0.58
G2-325	0.375	0.405	0.435	0.91	0.91	0.92	0.665	0.435	0.82	0.35	0.555	0.325	0.415	0.42	0.475	0.46	0.315	0.4	0.4	0.845	0.88	0.595	0.315	0.315	0.305	0.44	0.415	0.58	0.745	0.605	0.655	0.815	0.85	0.845	0.795	0.85	0.83	0.88	0.86	0.865	0.355	0.77	0.955	0.73	0.705	0.91	0.93	0.94	0.41	0.42	0.42	0.42	0.42	0.415	0.34	0.77	0.325	0.35	0.435	0.38	0.33	0.77	0.77	0.665	0.715	0.78	0.945	0.87	0.86	0.705	0.835	0.665	0.855	0.79	0.87	0.83	0.775	0.79	0.745	0.49	0.0	0.335	0.1	0.22	0.085	0.635	0.715	0.36	0.43	0.67	0.19	0.21	0.605	0.39	0.4	0.4	0.435	0.49	0.355	0.36	0.36	0.36	0.39	0.35
G2-326	0.445	0.45	0.55	0.99	0.995	0.995	0.895	0.675	0.935	0.395	0.69	0.37	0.445	0.45	0.475	0.46	0.575	0.445	0.445	0.995	0.9	0.56	0.35	0.21	0.225	0.45	0.475	0.26	0.425	0.285	0.335	0.5	0.515	0.51	0.46	0.515	0.495	0.545	0.525	0.53	0.435	0.84	1.0	0.41	0.93	0.97	0.975	0.995	0.445	0.45	0.45	0.45	0.45	0.445	0.37	0.995	0.355	0.225	0.45	0.41	0.355	0.995	0.995	0.68	0.94	0.995	0.99	0.915	0.53	0.385	0.5	0.345	0.535	0.47	0.535	0.495	0.44	0.455	0.425	0.165	0.335	0.0	0.335	0.44	0.35	0.42	0.77	0.45	0.675	0.91	0.445	0.455	0.62	0.45	0.445	0.445	0.48	0.575	0.445	0.45	0.45	0.45	0.445	0.445
G2-327	0.405	0.44	0.435	0.905	0.92	0.93	0.72	0.435	0.82	0.385	0.57	0.36	0.445	0.45	0.475	0.46	0.37	0.435	0.435	0.85	0.885	0.6	0.35	0.35	0.34	0.45	0.405	0.585	0.75	0.61	0.66	0.815	0.85	0.845	0.795	0.85	0.83	0.88	0.86	0.865	0.37	0.755	0.94	0.735	0.76	0.895	0.915	0.925	0.44	0.45	0.45	0.45	0.45	0.445	0.37	0.825	0.355	0.355	0.44	0.41	0.36	0.825	0.825	0.725	0.77	0.765	0.93	0.855	0.86	0.71	0.835	0.67	0.86	0.795	0.87	0.83	0.775	0.79	0.745	0.49	0.1	0.335	0.0	0.275	0.085	0.565	0.7	0.395	0.49	0.73	0.275	0.265	0.61	0.42	0.435	0.43	0.365	0.495	0.375	0.38	0.38	0.38	0.425	0.37
G2-328	0.58	0.61	0.505	0.915	0.92	0.93	0.535	0.435	0.82	0.54	0.56	0.515	0.62	0.625	0.625	0.625	0.23	0.59	0.59	0.83	0.865	0.53	0.495	0.44	0.425	0.625	0.555	0.495	0.66	0.52	0.57	0.745	0.78	0.775	0.725	0.78	0.76	0.81	0.79	0.795	0.565	0.77	0.96	0.645	0.58	0.915	0.935	0.945	0.615	0.625	0.625	0.625	0.625	0.62	0.545	0.645	0.525	0.435	0.525	0.585	0.53	0.64	0.64	0.52	0.59	0.785	0.95	0.875	0.79	0.62	0.765	0.58	0.77	0.705	0.8	0.76	0.705	0.72	0.675	0.45	0.22	0.44	0.275	0.0	0.3	0.555	0.72	0.555	0.29	0.525	0.375	0.3	0.605	0.595	0.59	0.605	0.545	0.505	0.55	0.57	0.56	0.555	0.585	0.545
G2-329	0.35	0.385	0.435	0.885	0.9	0.915	0.73	0.435	0.82	0.33	0.55	0.31	0.39	0.395	0.475	0.46	0.38	0.38	0.38	0.85	0.885	0.615	0.31	0.31	0.325	0.44	0.38	0.6	0.765	0.625	0.675	0.83	0.865	0.86	0.81	0.865	0.845	0.895	0.875	0.88	0.29	0.745	0.915	0.75	0.77	0.87	0.89	0.9	0.385	0.395	0.395	0.395	0.395	0.39	0.32	0.835	0.315	0.37	0.44	0.355	0.32	0.835	0.835	0.75	0.78	0.745	0.905	0.835	0.875	0.725	0.85	0.685	0.875	0.81	0.885	0.845	0.79	0.805	0.76	0.505	0.085	0.35	0.085	0.3	0.0	0.64	0.68	0.325	0.5	0.74	0.23	0.275	0.61	0.365	0.405	0.375	0.425	0.495	0.295	0.3	0.305	0.3	0.37	0.29
G2-330	0.855	0.855	0.775	0.955	0.945	0.945	0.805	0.76	0.85	0.735	0.77	0.735	0.865	0.87	0.87	0.87	0.67	0.785	0.785	0.88	0.815	0.65	0.69	0.605	0.615	0.87	0.83	0.24	0.22	0.285	0.35	0.325	0.36	0.355	0.305	0.36	0.34	0.39	0.37	0.375	0.85	0.81	1.0	0.24	0.845	0.955	0.975	0.985	0.86	0.87	0.87	0.87	0.87	0.865	0.79	0.91	0.77	0.59	0.77	0.83	0.775	0.91	0.91	0.515	0.855	0.905	0.99	0.915	0.37	0.225	0.345	0.23	0.305	0.265	0.38	0.34	0.29	0.3	0.285	0.285	0.635	0.42	0.565	0.555	0.64	0.0	0.86	0.815	0.745	0.745	0.78	0.77	0.85	0.86	0.81	0.85	0.685	0.745	0.82	0.855	0.845	0.805	0.84	0.785
G2-413	0.67	0.685	0.745	0.915	0.47	0.96	0.67	0.56	0.46	0.74	0.24	0.735	0.735	0.73	0.39	0.62	0.665	0.735	0.74	0.91	0.88	0.725	0.755	0.73	0.73	0.385	0.635	0.755	0.835	0.755	0.755	0.905	0.94	0.935	0.885	0.945	0.925	0.97	0.955	0.955	0.645	0.775	0.77	0.82	1.0	0.775	0.665	0.765	0.745	0.655	0.745	0.75	0.73	0.76	0.765	1.0	0.76	0.755	0.755	0.765	0.765	1.0	1.0	0.99	1.0	0.825	0.58	0.75	0.955	0.795	0.925	0.755	0.95	0.89	0.96	0.92	0.865	0.88	0.84	0.76	0.715	0.77	0.7	0.72	0.68	0.86	0.0	0.595	0.735	0.905	0.745	0.65	0.165	0.66	0.485	0.68	0.64	0.295	0.65	0.62	0.61	0.65	0.725	0.6
G2-414	0.205	0.2	0.52	0.93	0.855	0.96	0.755	0.375	0.82	0.18	0.495	0.2	0.31	0.305	0.375	0.36	0.45	0.265	0.27	0.89	0.835	0.5	0.28	0.335	0.36	0.34	0.335	0.575	0.665	0.545	0.64	0.905	0.94	0.935	0.885	0.945	0.925	0.97	0.955	0.955	0.245	0.8	0.84	0.655	1.0	0.83	0.815	0.83	0.32	0.245	0.32	0.325	0.305	0.335	0.29	1.0	0.225	0.34	0.37	0.315	0.33	1.0	1.0	0.945	1.0	0.85	0.84	0.835	0.955	0.73	0.925	0.68	0.905	0.85	0.96	0.92	0.865	0.88	0.84	0.585	0.36	0.45	0.395	0.555	0.325	0.815	0.595	0.0	0.62	0.86	0.305	0.31	0.51	0.235	0.265	0.255	0.355	0.46	0.215	0.23	0.185	0.205	0.285	0.155
G2-415	0.63	0.635	0.535	0.935	0.915	0.935	0.255	0.44	0.805	0.625	0.56	0.625	0.665	0.665	0.665	0.665	0.29	0.63	0.625	0.805	0.845	0.645	0.64	0.64	0.635	0.665	0.615	0.645	0.81	0.67	0.72	0.89	0.94	0.935	0.885	0.94	0.92	0.97	0.95	0.955	0.645	0.875	0.98	0.795	0.39	0.96	0.955	0.955	0.655	0.665	0.665	0.665	0.665	0.665	0.675	0.39	0.67	0.64	0.65	0.675	0.675	0.39	0.39	0.675	0.385	0.805	0.98	0.975	0.95	0.77	0.925	0.73	0.925	0.86	0.96	0.92	0.865	0.88	0.85	0.67	0.43	0.675	0.49	0.29	0.5	0.745	0.735	0.62	0.0	0.265	0.405	0.34	0.645	0.65	0.625	0.645	0.61	0.555	0.61	0.635	0.63	0.625	0.625	0.615
G2-416	0.895	0.895	0.79	0.95	0.94	0.94	0.29	0.705	0.83	0.82	0.81	0.86	0.915	0.915	0.915	0.915	0.515	0.785	0.78	0.825	0.82	0.785	0.785	0.89	0.885	0.915	0.87	0.85	0.845	0.82	0.785	0.905	0.94	0.935	0.915	0.94	0.92	0.97	0.95	0.955	0.905	0.9	1.0	0.865	0.225	0.98	0.975	0.98	0.905	0.915	0.915	0.915	0.915	0.91	0.915	0.225	0.91	0.865	0.89	0.915	0.915	0.22	0.22	0.58	0.22	0.825	1.0	0.995	0.95	0.85	0.925	0.855	0.885	0.86	0.96	0.92	0.915	0.915	0.915	0.91	0.67	0.91	0.73	0.525	0.74	0.745	0.905	0.86	0.265	0.0	0.66	0.6	0.895	0.905	0.855	0.895	0.845	0.805	0.86	0.895	0.885	0.85	0.88	0.83
G3-417	0.34	0.25	0.405	0.945	0.925	0.95	0.605	0.45	0.805	0.27	0.57	0.26	0.28	0.28	0.455	0.44	0.32	0.275	0.315	0.83	0.875	0.66	0.29	0.37	0.395	0.415	0.445	0.665	0.83	0.69	0.735	0.88	0.94	0.935	0.885	0.94	0.92	0.965	0.95	0.95	0.27	0.875	0.98	0.815	0.745	0.965	0.95	0.965	0.265	0.285	0.28	0.28	0.28	0.285	0.275	0.75	0.335	0.43	0.505	0.28	0.28	0.75	0.75	0.745	0.745	0.805	0.975	0.97	0.95	0.79	0.925	0.75	0.96	0.895	0.955	0.92	0.865	0.88	0.855	0.59	0.19	0.445	0.275	0.375	0.23	0.78	0.745	0.305	0.405	0.66	0.0	0.17	0.595	0.28	0.39	0.27	0.46	0.5	0.31	0.335	0.27	0.28	0.265	0.27
G3-418	0.34	0.34	0.4	0.94	0.845	0.945	0.46	0.34	0.74	0.395	0.475	0.39	0.425	0.42	0.385	0.37	0.195	0.425	0.425	0.77	0.87	0.62	0.44	0.42	0.43	0.37	0.415	0.635	0.8	0.66	0.71	0.88	0.94	0.935	0.885	0.94	0.92	0.97	0.95	0.955	0.41	0.815	0.9	0.785	0.695	0.88	0.875	0.885	0.425	0.37	0.435	0.44	0.42	0.445	0.42	0.695	0.415	0.41	0.475	0.43	0.445	0.695	0.695	0.7	0.695	0.73	0.9	0.895	0.95	0.775	0.925	0.725	0.95	0.885	0.96	0.92	0.865	0.88	0.845	0.58	0.21	0.455	0.265	0.3	0.275	0.77	0.65	0.31	0.34	0.6	0.17	0.0	0.52	0.36	0.355	0.36	0.39	0.42	0.41	0.385	0.365	0.415	0.42	0.355
G3-419	0.545	0.535	0.605	0.985	0.515	0.985	0.67	0.54	0.475	0.59	0.22	0.59	0.59	0.585	0.245	0.475	0.505	0.575	0.58	0.89	0.86	0.655	0.61	0.58	0.58	0.23	0.565	0.67	0.835	0.695	0.735	0.89	0.94	0.935	0.885	0.94	0.92	0.965	0.95	0.95	0.575	0.845	0.855	0.82	0.985	0.85	0.74	0.835	0.59	0.51	0.6	0.605	0.585	0.61	0.615	0.995	0.61	0.605	0.61	0.625	0.62	0.995	0.995	0.97	0.995	0.9	0.66	0.83	0.945	0.795	0.925	0.755	0.945	0.88	0.955	0.92	0.865	0.88	0.855	0.62	0.605	0.62	0.61	0.605	0.61	0.85	0.165	0.51	0.645	0.895	0.595	0.52	0.0	0.535	0.32	0.53	0.475	0.14	0.57	0.555	0.525	0.585	0.57	0.53
G3-420	0.31	0.09	0.54	0.97	0.895	0.98	0.815	0.57	0.85	0.285	0.585	0.22	0.215	0.235	0.395	0.38	0.51	0.255	0.315	0.91	0.88	0.66	0.265	0.35	0.38	0.36	0.405	0.675	0.84	0.7	0.75	0.905	0.94	0.935	0.885	0.945	0.925	0.97	0.955	0.955	0.22	0.84	0.9	0.825	1.0	0.89	0.875	0.89	0.13	0.225	0.105	0.1	0.11	0.115	0.155	1.0	0.355	0.445	0.515	0.13	0.115	1.0	1.0	0.99	1.0	0.895	0.9	0.895	0.955	0.8	0.925	0.76	0.95	0.89	0.96	0.92	0.865	0.88	0.845	0.585	0.39	0.45	0.42	0.595	0.365	0.86	0.66	0.235	0.65	0.905	0.28	0.36	0.535	0.0	0.33	0.02	0.415	0.505	0.29	0.275	0.13	0.2	0.065	0.17
G3-421	0.34	0.33	0.535	0.985	0.715	0.985	0.67	0.535	0.66	0.345	0.395	0.345	0.385	0.38	0.2	0.31	0.44	0.325	0.335	0.825	0.775	0.615	0.365	0.365	0.36	0.155	0.39	0.63	0.795	0.655	0.65	0.845	0.94	0.935	0.885	0.94	0.92	0.965	0.95	0.95	0.36	0.8	0.855	0.785	0.96	0.85	0.695	0.79	0.385	0.305	0.395	0.4	0.38	0.405	0.405	0.995	0.405	0.4	0.5	0.42	0.415	0.995	0.995	0.885	0.995	0.9	0.72	0.83	0.945	0.755	0.925	0.715	0.905	0.845	0.955	0.92	0.865	0.88	0.855	0.59	0.4	0.445	0.435	0.59	0.405	0.81	0.485	0.265	0.625	0.855	0.39	0.355	0.32	0.33	0.0	0.325	0.315	0.28	0.33	0.35	0.31	0.34	0.35	0.285
G3-422	0.325	0.09	0.53	0.98	0.905	0.98	0.805	0.58	0.85	0.285	0.595	0.22	0.215	0.235	0.395	0.38	0.5	0.255	0.31	0.9	0.87	0.66	0.265	0.35	0.39	0.36	0.425	0.675	0.84	0.7	0.75	0.895	0.94	0.935	0.885	0.94	0.92	0.97	0.95	0.955	0.24	0.85	0.92	0.825	0.99	0.9	0.895	0.905	0.12	0.225	0.105	0.1	0.11	0.11	0.155	0.99	0.355	0.445	0.515	0.13	0.115	0.99	0.99	0.98	0.99	0.905	0.92	0.915	0.95	0.8	0.925	0.76	0.95	0.885	0.96	0.92	0.865	0.88	0.855	0.59	0.4	0.445	0.43	0.605	0.375	0.85	0.68	0.255	0.645	0.895	0.27	0.36	0.53	0.02	0.325	0.0	0.405	0.495	0.305	0.295	0.15	0.22	0.06	0.18
G3-423	0.42	0.41	0.52	0.97	0.855	0.97	0.755	0.52	0.8	0.435	0.535	0.435	0.47	0.465	0.385	0.385	0.37	0.41	0.425	0.85	0.81	0.62	0.455	0.45	0.445	0.375	0.415	0.635	0.8	0.66	0.695	0.87	0.94	0.935	0.885	0.94	0.92	0.965	0.95	0.95	0.445	0.825	0.88	0.785	0.97	0.855	0.835	0.845	0.465	0.39	0.48	0.485	0.465	0.49	0.49	0.985	0.485	0.45	0.5	0.505	0.5	0.985	0.985	0.92	0.98	0.89	0.875	0.87	0.945	0.76	0.925	0.72	0.91	0.845	0.955	0.92	0.865	0.88	0.85	0.59	0.435	0.48	0.365	0.545	0.425	0.685	0.64	0.355	0.61	0.845	0.46	0.39	0.475	0.415	0.315	0.405	0.0	0.41	0.41	0.43	0.39	0.43	0.43	0.37
G3-424	0.525	0.51	0.505	0.95	0.48	0.945	0.6	0.465	0.405	0.54	0.145	0.535	0.555	0.555	0.215	0.445	0.38	0.53	0.535	0.815	0.845	0.63	0.555	0.535	0.54	0.21	0.52	0.645	0.81	0.67	0.72	0.875	0.935	0.93	0.88	0.935	0.915	0.965	0.945	0.95	0.55	0.82	0.855	0.795	0.92	0.845	0.75	0.845	0.56	0.48	0.57	0.575	0.555	0.58	0.59	0.925	0.585	0.555	0.565	0.59	0.59	0.925	0.925	0.885	0.92	0.835	0.66	0.83	0.945	0.77	0.92	0.73	0.92	0.855	0.955	0.915	0.86	0.875	0.845	0.585	0.49	0.575	0.495	0.505	0.495	0.745	0.295	0.46	0.555	0.805	0.5	0.42	0.14	0.505	0.28	0.495	0.41	0.0	0.53	0.525	0.495	0.535	0.54	0.475
G3-425	0.24	0.28	0.46	0.835	0.82	0.88	0.85	0.485	0.82	0.28	0.535	0.28	0.32	0.32	0.45	0.435	0.475	0.26	0.27	0.86	0.825	0.63	0.3	0.34	0.35	0.405	0.205	0.64	0.805	0.665	0.7	0.885	0.94	0.935	0.885	0.94	0.92	0.965	0.95	0.95	0.1	0.705	0.8	0.79	0.98	0.78	0.76	0.76	0.31	0.32	0.32	0.325	0.32	0.33	0.33	0.995	0.345	0.405	0.5	0.345	0.34	0.995	0.995	0.935	0.99	0.785	0.795	0.79	0.945	0.765	0.925	0.725	0.915	0.85	0.955	0.92	0.865	0.88	0.84	0.58	0.355	0.445	0.375	0.55	0.295	0.82	0.65	0.215	0.61	0.86	0.31	0.41	0.57	0.29	0.33	0.305	0.41	0.53	0.0	0.07	0.175	0.12	0.255	0.155
G3-426	0.215	0.27	0.455	0.83	0.785	0.875	0.825	0.46	0.785	0.33	0.515	0.325	0.325	0.32	0.42	0.405	0.485	0.32	0.325	0.865	0.875	0.655	0.345	0.345	0.375	0.385	0.19	0.67	0.835	0.695	0.745	0.905	0.94	0.935	0.885	0.945	0.925	0.97	0.955	0.955	0.115	0.665	0.74	0.82	1.0	0.73	0.715	0.72	0.335	0.305	0.335	0.34	0.32	0.35	0.36	1.0	0.355	0.44	0.51	0.36	0.36	1.0	1.0	0.985	0.995	0.735	0.74	0.735	0.955	0.795	0.925	0.755	0.945	0.885	0.96	0.92	0.865	0.88	0.84	0.585	0.36	0.45	0.38	0.57	0.3	0.855	0.62	0.23	0.635	0.895	0.335	0.385	0.555	0.275	0.35	0.295	0.43	0.525	0.07	0.0	0.18	0.155	0.3	0.175
G3-427	0.285	0.14	0.535	0.92	0.875	0.955	0.815	0.51	0.845	0.265	0.545	0.205	0.215	0.235	0.4	0.385	0.49	0.23	0.295	0.885	0.855	0.645	0.25	0.335	0.355	0.355	0.295	0.66	0.825	0.685	0.725	0.895	0.94	0.935	0.885	0.945	0.925	0.965	0.955	0.95	0.12	0.745	0.82	0.81	0.99	0.805	0.785	0.795	0.205	0.23	0.21	0.215	0.195	0.225	0.225	1.0	0.345	0.425	0.5	0.235	0.23	1.0	1.0	0.965	0.995	0.81	0.815	0.81	0.95	0.785	0.925	0.745	0.935	0.875	0.955	0.92	0.865	0.88	0.84	0.585	0.36	0.45	0.38	0.56	0.305	0.845	0.61	0.185	0.63	0.885	0.27	0.365	0.525	0.13	0.31	0.15	0.39	0.495	0.175	0.18	0.0	0.1	0.16	0.09
G3-428	0.33	0.215	0.54	0.915	0.9	0.96	0.87	0.565	0.9	0.23	0.59	0.18	0.23	0.25	0.45	0.435	0.51	0.2	0.26	0.945	0.825	0.61	0.21	0.34	0.36	0.415	0.245	0.62	0.785	0.645	0.695	0.905	0.94	0.935	0.885	0.945	0.925	0.97	0.955	0.955	0.095	0.75	0.81	0.785	1.0	0.8	0.785	0.8	0.23	0.28	0.23	0.235	0.23	0.245	0.255	1.0	0.355	0.405	0.5	0.255	0.255	1.0	1.0	0.935	1.0	0.805	0.81	0.805	0.955	0.745	0.925	0.71	0.895	0.85	0.96	0.92	0.865	0.88	0.84	0.585	0.36	0.45	0.38	0.555	0.3	0.805	0.65	0.205	0.625	0.85	0.28	0.415	0.585	0.2	0.34	0.22	0.43	0.535	0.12	0.155	0.1	0.0	0.195	0.07
G3-429	0.325	0.115	0.525	0.965	0.945	0.965	0.855	0.61	0.89	0.265	0.625	0.205	0.225	0.25	0.45	0.435	0.53	0.225	0.29	0.92	0.845	0.65	0.25	0.34	0.355	0.405	0.4	0.66	0.825	0.685	0.72	0.885	0.94	0.935	0.885	0.94	0.92	0.965	0.95	0.95	0.215	0.875	0.965	0.81	0.98	0.945	0.925	0.925	0.12	0.28	0.105	0.1	0.125	0.11	0.14	0.995	0.345	0.425	0.5	0.13	0.11	0.995	0.995	0.955	0.99	0.95	0.96	0.955	0.945	0.785	0.925	0.745	0.935	0.87	0.955	0.92	0.865	0.88	0.855	0.59	0.39	0.445	0.425	0.585	0.37	0.84	0.725	0.285	0.625	0.88	0.265	0.42	0.57	0.065	0.35	0.06	0.43	0.54	0.255	0.3	0.16	0.195	0.0	0.21
G3-430	0.295	0.19	0.53	0.905	0.84	0.95	0.81	0.505	0.84	0.22	0.53	0.2	0.24	0.235	0.4	0.385	0.45	0.19	0.245	0.885	0.805	0.595	0.2	0.335	0.36	0.365	0.28	0.62	0.78	0.635	0.685	0.895	0.94	0.935	0.885	0.94	0.92	0.97	0.95	0.955	0.125	0.74	0.81	0.785	0.99	0.79	0.785	0.795	0.24	0.23	0.25	0.255	0.235	0.26	0.275	0.99	0.355	0.405	0.5	0.275	0.275	0.99	0.99	0.915	0.99	0.795	0.81	0.805	0.95	0.745	0.925	0.71	0.885	0.845	0.96	0.92	0.865	0.88	0.84	0.58	0.35	0.445	0.37	0.545	0.29	0.785	0.6	0.155	0.615	0.83	0.27	0.355	0.53	0.17	0.285	0.18	0.37	0.475	0.155	0.175	0.09	0.07	0.21	0.0
