	G1-11	G1-12	G1-13	G1-130	G1-131	G1-132	G1-135	G1-136	G1-138	G1-139	G1-14	G1-140	G1-141	G1-142	G1-143	G1-144	G1-15	G1-175	G1-176	G1-177	G1-178	G1-180	G1-182	G1-187	G1-188	G1-189	G1-190	G1-192	G1-193	G2-1100	G2-1101	G2-1102	G2-1103	G2-1104	G2-1105	G2-1106	G2-1107	G2-1108	G2-1109	G2-1110	G2-1111	G2-1113	G2-194	G2-197	G2-198	G2-199	G2-21	G2-210	G2-211	G2-212	G2-213	G2-214	G2-215	G2-216	G2-217	G2-218	G2-219	G2-22	G2-220	G2-221	G2-222	G2-223	G2-224	G2-23	G2-24	G2-25	G2-26	G2-27	G2-28	G2-29	G2-313	G2-314	G2-315	G2-316	G2-317	G2-318	G2-319	G2-320	G2-321	G2-322	G2-323	G2-324	G2-325	G2-326	G2-327	G2-328	G2-329	G2-330	G2-413	G2-414	G2-415	G2-416	G3-417	G3-418	G3-419	G3-420	G3-421	G3-422	G3-423	G3-424	G3-425	G3-426	G3-427	G3-428	G3-429	G3-430
G1-11	0.0	0.475	0.365	0.77	0.565	0.775	0.375	0.325	0.705	0.345	0.355	0.35	0.55	0.555	0.555	0.555	0.26	0.625	0.63	0.375	0.2	0.63	0.63	0.38	0.455	0.285	0.415	0.55	0.365	0.63	0.795	0.76	0.725	0.815	0.96	0.94	0.925	0.95	0.955	0.965	0.905	0.94	0.19	0.52	0.565	0.795	0.63	0.565	0.56	0.555	0.545	0.555	0.55	0.545	0.55	0.565	0.53	0.635	0.51	0.505	0.515	0.4	0.54	0.635	0.63	0.625	0.55	0.56	0.56	0.56	0.97	0.805	0.87	0.745	0.945	0.915	0.975	0.915	0.86	0.855	0.665	0.565	0.435	0.575	0.43	0.46	0.42	0.85	0.65	0.315	0.175	0.61	0.325	0.16	0.585	0.275	0.335	0.325	0.45	0.51	0.205	0.185	0.275	0.305	0.385	0.325
G1-12	0.475	0.0	0.76	0.92	0.735	0.925	0.48	0.335	0.865	0.67	0.55	0.66	0.845	0.85	0.85	0.85	0.61	0.33	0.155	0.675	0.415	0.155	0.155	0.485	0.735	0.575	0.715	0.845	0.22	0.85	0.85	0.85	0.835	0.82	0.96	0.94	0.925	0.95	0.955	0.965	0.905	0.945	0.395	0.4	0.37	0.85	0.155	0.425	0.495	0.41	0.84	0.85	0.845	0.845	0.845	0.845	0.83	0.16	0.81	0.81	0.81	0.7	0.835	0.16	0.155	0.275	0.565	0.525	0.45	0.505	0.975	0.85	0.875	0.85	0.95	0.92	0.975	0.915	0.86	0.855	0.705	0.785	0.76	0.85	0.755	0.785	0.745	0.855	0.77	0.685	0.54	0.7	0.645	0.375	0.765	0.585	0.635	0.625	0.755	0.715	0.62	0.605	0.61	0.66	0.715	0.67
G1-13	0.365	0.76	0.0	0.48	0.625	0.48	0.665	0.615	0.485	0.43	0.61	0.46	0.59	0.595	0.595	0.595	0.435	0.91	0.915	0.505	0.51	0.915	0.915	0.65	0.515	0.505	0.505	0.595	0.7	0.625	0.755	0.72	0.69	0.825	0.96	0.945	0.925	0.95	0.955	0.965	0.905	0.94	0.52	0.855	0.895	0.755	0.915	0.895	0.895	0.89	0.585	0.595	0.595	0.59	0.595	0.595	0.56	0.915	0.505	0.525	0.495	0.48	0.57	0.915	0.915	0.91	0.835	0.895	0.895	0.89	0.97	0.805	0.875	0.745	0.945	0.915	0.975	0.92	0.86	0.855	0.75	0.585	0.515	0.61	0.515	0.53	0.515	0.85	0.7	0.435	0.465	0.675	0.48	0.465	0.6	0.5	0.505	0.505	0.49	0.57	0.425	0.425	0.495	0.485	0.5	0.5
G1-130	0.77	0.92	0.48	0.0	0.595	0.02	0.89	0.835	0.515	0.905	0.845	0.91	0.985	0.99	0.99	0.99	0.84	0.925	0.93	0.91	0.91	0.93	0.93	0.91	0.915	0.91	0.905	0.99	0.85	0.985	0.985	0.985	0.975	0.92	0.995	0.995	0.995	0.995	0.995	0.995	0.995	0.99	0.835	0.845	0.865	0.985	0.93	0.865	0.865	0.86	0.98	0.99	0.99	0.985	0.99	0.985	0.98	0.93	0.96	0.945	0.945	0.925	0.98	0.93	0.93	0.92	0.91	0.865	0.865	0.86	0.985	0.985	0.985	0.985	0.985	0.985	0.995	0.995	0.995	0.995	0.905	0.905	0.865	0.995	0.87	0.855	0.87	0.985	0.865	0.86	0.845	0.9	0.91	0.895	0.91	0.9	0.91	0.91	0.895	0.915	0.775	0.775	0.855	0.84	0.88	0.85
G1-131	0.565	0.735	0.625	0.595	0.0	0.61	0.335	0.625	0.2	0.795	0.285	0.8	0.945	0.945	0.59	0.8	0.595	0.74	0.745	0.785	0.73	0.745	0.745	0.72	0.885	0.725	0.835	0.615	0.64	0.995	0.995	0.995	0.985	0.895	0.995	0.995	0.995	0.995	0.995	0.995	0.995	0.995	0.625	0.63	0.63	0.995	0.745	0.605	0.57	0.625	0.955	0.915	0.94	0.94	0.96	0.98	0.98	0.745	0.96	0.955	0.955	0.845	0.98	0.745	0.745	0.745	0.725	0.62	0.555	0.555	0.995	0.995	0.995	0.995	0.995	0.995	0.995	0.995	0.995	0.995	0.82	0.9	0.845	0.995	0.845	0.855	0.835	0.995	0.465	0.635	0.635	0.835	0.76	0.665	0.51	0.65	0.575	0.71	0.73	0.455	0.605	0.575	0.64	0.695	0.81	0.68
G1-132	0.775	0.925	0.48	0.02	0.61	0.0	0.89	0.84	0.515	0.905	0.85	0.91	0.985	0.99	0.99	0.99	0.84	0.925	0.93	0.91	0.91	0.93	0.93	0.91	0.92	0.91	0.905	0.99	0.865	0.99	0.99	0.99	0.98	0.92	1.0	1.0	1.0	1.0	1.0	1.0	1.0	0.995	0.85	0.86	0.875	0.99	0.93	0.875	0.875	0.87	0.98	0.99	0.99	0.985	0.99	0.985	0.985	0.93	0.965	0.95	0.95	0.93	0.985	0.93	0.93	0.92	0.915	0.875	0.875	0.875	0.99	0.99	0.99	0.99	0.99	0.99	1.0	1.0	1.0	1.0	0.915	0.915	0.875	1.0	0.88	0.875	0.88	0.99	0.87	0.865	0.845	0.905	0.91	0.895	0.91	0.9	0.91	0.91	0.895	0.915	0.79	0.79	0.865	0.855	0.88	0.865
G1-135	0.375	0.48	0.665	0.89	0.335	0.89	0.0	0.355	0.46	0.58	0.125	0.585	0.775	0.775	0.445	0.63	0.48	0.63	0.635	0.605	0.445	0.635	0.635	0.4	0.705	0.535	0.66	0.445	0.41	0.785	0.785	0.78	0.77	0.82	0.96	0.945	0.925	0.95	0.955	0.965	0.905	0.94	0.4	0.56	0.575	0.785	0.635	0.55	0.515	0.565	0.785	0.745	0.77	0.77	0.79	0.81	0.775	0.635	0.75	0.74	0.74	0.635	0.785	0.63	0.63	0.63	0.555	0.565	0.5	0.5	0.97	0.81	0.875	0.81	0.945	0.915	0.975	0.92	0.86	0.855	0.68	0.745	0.71	0.825	0.705	0.735	0.695	0.85	0.345	0.46	0.445	0.655	0.57	0.345	0.36	0.47	0.4	0.535	0.56	0.305	0.545	0.52	0.5	0.57	0.65	0.56
G1-136	0.325	0.335	0.615	0.835	0.625	0.84	0.355	0.0	0.775	0.515	0.42	0.56	0.78	0.785	0.785	0.785	0.5	0.485	0.49	0.595	0.36	0.49	0.49	0.385	0.69	0.52	0.645	0.785	0.205	0.77	0.665	0.655	0.695	0.82	0.96	0.945	0.925	0.95	0.955	0.965	0.905	0.94	0.25	0.365	0.395	0.67	0.49	0.395	0.41	0.39	0.78	0.785	0.785	0.78	0.785	0.805	0.77	0.49	0.635	0.725	0.615	0.625	0.78	0.49	0.49	0.475	0.555	0.44	0.395	0.415	0.96	0.795	0.865	0.795	0.935	0.905	0.975	0.92	0.86	0.855	0.66	0.72	0.655	0.82	0.65	0.68	0.64	0.84	0.64	0.48	0.41	0.645	0.565	0.25	0.695	0.5	0.56	0.545	0.665	0.645	0.48	0.445	0.485	0.51	0.62	0.53
G1-138	0.705	0.865	0.485	0.515	0.2	0.515	0.46	0.775	0.0	0.84	0.43	0.855	0.915	0.915	0.53	0.77	0.705	0.9	0.905	0.83	0.855	0.905	0.905	0.845	0.865	0.85	0.84	0.585	0.805	0.96	0.96	0.96	0.95	0.865	0.965	0.965	0.965	0.965	0.965	0.965	0.965	0.96	0.79	0.81	0.83	0.96	0.905	0.805	0.77	0.82	0.925	0.885	0.91	0.91	0.93	0.95	0.95	0.905	0.93	0.92	0.92	0.87	0.95	0.905	0.905	0.9	0.855	0.82	0.755	0.755	0.97	0.96	0.96	0.96	0.96	0.96	0.975	0.965	0.965	0.965	0.86	0.885	0.835	0.965	0.835	0.86	0.835	0.96	0.39	0.69	0.76	0.85	0.83	0.79	0.415	0.775	0.655	0.805	0.695	0.4	0.735	0.73	0.77	0.79	0.81	0.77
G1-139	0.345	0.67	0.43	0.905	0.795	0.905	0.58	0.515	0.84	0.0	0.56	0.125	0.485	0.49	0.5	0.49	0.305	0.82	0.825	0.18	0.26	0.825	0.825	0.34	0.215	0.215	0.225	0.49	0.6	0.54	0.675	0.54	0.535	0.775	0.915	0.9	0.88	0.905	0.91	0.92	0.86	0.895	0.425	0.73	0.805	0.685	0.78	0.785	0.805	0.8	0.48	0.49	0.49	0.49	0.49	0.49	0.41	0.82	0.34	0.31	0.385	0.235	0.425	0.825	0.825	0.735	0.71	0.805	0.8	0.785	0.91	0.72	0.82	0.655	0.845	0.81	0.93	0.875	0.815	0.81	0.645	0.545	0.35	0.48	0.34	0.385	0.335	0.72	0.695	0.19	0.255	0.485	0.29	0.35	0.59	0.295	0.28	0.295	0.425	0.515	0.265	0.305	0.28	0.255	0.33	0.255
G1-14	0.355	0.55	0.61	0.845	0.285	0.85	0.125	0.42	0.43	0.56	0.0	0.565	0.71	0.71	0.385	0.565	0.38	0.695	0.7	0.55	0.45	0.7	0.7	0.475	0.65	0.475	0.6	0.385	0.445	0.76	0.83	0.795	0.765	0.82	0.96	0.945	0.925	0.95	0.955	0.965	0.905	0.945	0.38	0.6	0.62	0.83	0.7	0.595	0.56	0.615	0.72	0.68	0.705	0.705	0.725	0.745	0.745	0.7	0.725	0.72	0.72	0.61	0.745	0.7	0.7	0.7	0.62	0.61	0.545	0.545	0.975	0.82	0.88	0.76	0.95	0.92	0.975	0.92	0.86	0.855	0.665	0.665	0.63	0.76	0.625	0.655	0.615	0.855	0.32	0.415	0.365	0.62	0.525	0.385	0.305	0.41	0.34	0.475	0.495	0.25	0.435	0.405	0.435	0.495	0.585	0.48
G1-140	0.35	0.66	0.46	0.91	0.8	0.91	0.585	0.56	0.855	0.125	0.565	0.0	0.41	0.415	0.51	0.455	0.335	0.815	0.815	0.185	0.305	0.815	0.815	0.38	0.155	0.18	0.155	0.49	0.6	0.51	0.685	0.6	0.57	0.745	0.885	0.87	0.85	0.875	0.88	0.89	0.83	0.865	0.43	0.725	0.805	0.695	0.76	0.785	0.805	0.8	0.405	0.415	0.415	0.415	0.415	0.405	0.295	0.81	0.265	0.255	0.395	0.155	0.31	0.815	0.815	0.695	0.675	0.805	0.8	0.785	0.88	0.69	0.79	0.625	0.815	0.78	0.9	0.845	0.785	0.78	0.615	0.515	0.255	0.45	0.235	0.295	0.225	0.71	0.705	0.225	0.225	0.555	0.21	0.35	0.6	0.21	0.28	0.21	0.44	0.525	0.235	0.31	0.195	0.175	0.255	0.175
G1-141	0.55	0.845	0.59	0.985	0.945	0.985	0.775	0.78	0.915	0.485	0.71	0.41	0.0	0.04	0.39	0.225	0.55	0.995	0.995	0.4	0.555	0.995	0.995	0.77	0.365	0.485	0.43	0.34	0.775	0.665	0.83	0.795	0.77	0.905	0.96	0.945	0.925	0.95	0.955	0.965	0.905	0.945	0.61	0.945	0.95	0.83	0.995	0.95	0.95	0.95	0.1	0.035	0.08	0.105	0.09	0.095	0.24	0.995	0.395	0.43	0.585	0.275	0.24	0.995	0.995	0.995	0.93	0.95	0.95	0.945	0.975	0.82	0.88	0.76	0.95	0.92	0.975	0.92	0.86	0.855	0.835	0.655	0.27	0.525	0.31	0.445	0.35	0.855	0.755	0.47	0.43	0.77	0.23	0.55	0.65	0.325	0.485	0.255	0.54	0.625	0.445	0.49	0.345	0.36	0.215	0.365
G1-142	0.555	0.85	0.595	0.99	0.945	0.99	0.775	0.785	0.915	0.49	0.71	0.415	0.04	0.0	0.385	0.195	0.55	1.0	1.0	0.405	0.56	1.0	1.0	0.775	0.37	0.49	0.435	0.335	0.78	0.665	0.83	0.795	0.775	0.91	0.96	0.945	0.925	0.95	0.955	0.965	0.905	0.945	0.615	0.95	0.955	0.83	1.0	0.95	0.95	0.95	0.13	0.055	0.1	0.125	0.115	0.125	0.27	1.0	0.4	0.435	0.59	0.28	0.27	1.0	1.0	1.0	0.935	0.95	0.95	0.945	0.975	0.82	0.88	0.76	0.95	0.92	0.975	0.92	0.86	0.855	0.84	0.66	0.275	0.525	0.315	0.45	0.355	0.855	0.755	0.47	0.435	0.775	0.24	0.55	0.65	0.325	0.485	0.255	0.54	0.625	0.45	0.495	0.345	0.365	0.245	0.365
G1-143	0.555	0.85	0.595	0.99	0.59	0.99	0.445	0.785	0.53	0.5	0.385	0.51	0.39	0.385	0.0	0.24	0.51	1.0	1.0	0.485	0.56	1.0	1.0	0.775	0.52	0.505	0.5	0.055	0.78	0.665	0.83	0.795	0.775	0.91	0.96	0.945	0.925	0.95	0.955	0.965	0.905	0.945	0.615	0.95	0.955	0.83	1.0	0.93	0.895	0.95	0.415	0.355	0.38	0.385	0.4	0.425	0.52	1.0	0.52	0.475	0.59	0.52	0.52	1.0	1.0	1.0	0.935	0.945	0.88	0.88	0.975	0.82	0.88	0.76	0.95	0.92	0.975	0.92	0.86	0.855	0.84	0.66	0.52	0.525	0.52	0.52	0.52	0.855	0.37	0.375	0.48	0.775	0.49	0.54	0.265	0.44	0.325	0.46	0.43	0.24	0.495	0.495	0.455	0.485	0.495	0.455
G1-144	0.555	0.85	0.595	0.99	0.8	0.99	0.63	0.785	0.77	0.49	0.565	0.455	0.225	0.195	0.24	0.0	0.51	1.0	1.0	0.43	0.56	1.0	1.0	0.775	0.465	0.49	0.445	0.19	0.78	0.665	0.83	0.795	0.775	0.91	0.96	0.945	0.925	0.95	0.955	0.965	0.905	0.945	0.615	0.95	0.955	0.83	1.0	0.93	0.895	0.95	0.325	0.22	0.29	0.32	0.31	0.32	0.465	1.0	0.465	0.435	0.59	0.465	0.465	1.0	1.0	1.0	0.935	0.945	0.88	0.88	0.975	0.82	0.88	0.76	0.95	0.92	0.975	0.92	0.86	0.855	0.84	0.66	0.465	0.525	0.465	0.465	0.465	0.855	0.61	0.375	0.435	0.775	0.435	0.54	0.505	0.385	0.34	0.405	0.43	0.48	0.45	0.495	0.4	0.43	0.44	0.4
G1-15	0.26	0.61	0.435	0.84	0.595	0.84	0.48	0.5	0.705	0.305	0.38	0.335	0.55	0.55	0.51	0.51	0.0	0.755	0.76	0.29	0.255	0.76	0.76	0.44	0.395	0.325	0.4	0.51	0.525	0.62	0.81	0.7	0.67	0.82	0.96	0.945	0.925	0.95	0.955	0.965	0.905	0.94	0.35	0.695	0.715	0.82	0.76	0.69	0.67	0.705	0.56	0.52	0.545	0.55	0.565	0.585	0.585	0.76	0.565	0.485	0.545	0.45	0.585	0.76	0.76	0.715	0.68	0.705	0.67	0.665	0.955	0.775	0.865	0.71	0.89	0.855	0.975	0.92	0.86	0.855	0.69	0.59	0.435	0.585	0.405	0.46	0.415	0.705	0.63	0.265	0.23	0.525	0.365	0.28	0.52	0.26	0.24	0.295	0.255	0.43	0.235	0.24	0.27	0.32	0.415	0.295
G1-175	0.625	0.33	0.91	0.925	0.74	0.925	0.63	0.485	0.9	0.82	0.695	0.815	0.995	1.0	1.0	1.0	0.755	0.0	0.31	0.82	0.565	0.305	0.32	0.64	0.885	0.715	0.865	0.995	0.365	1.0	1.0	1.0	0.87	0.83	1.0	0.995	1.0	1.0	1.0	1.0	1.0	1.0	0.535	0.405	0.375	1.0	0.32	0.43	0.47	0.395	0.99	1.0	0.995	0.99	0.995	0.995	0.98	0.335	0.96	0.96	0.96	0.85	0.985	0.335	0.325	0.25	0.625	0.525	0.455	0.515	1.0	1.0	0.995	1.0	1.0	1.0	1.0	0.995	1.0	1.0	0.85	0.93	0.905	0.995	0.9	0.93	0.885	1.0	0.925	0.84	0.685	0.845	0.79	0.53	0.915	0.735	0.76	0.775	0.88	0.865	0.74	0.75	0.76	0.81	0.865	0.82
G1-176	0.63	0.155	0.915	0.93	0.745	0.93	0.635	0.49	0.905	0.825	0.7	0.815	0.995	1.0	1.0	1.0	0.76	0.31	0.0	0.825	0.565	0.03	0.015	0.64	0.885	0.715	0.865	0.995	0.365	1.0	1.0	1.0	0.965	0.885	1.0	0.995	1.0	1.0	1.0	1.0	1.0	1.0	0.545	0.41	0.375	1.0	0.055	0.43	0.48	0.4	0.99	1.0	0.995	0.99	0.995	0.995	0.98	0.025	0.96	0.96	0.96	0.85	0.985	0.025	0.015	0.255	0.63	0.525	0.455	0.515	1.0	1.0	0.995	1.0	1.0	1.0	1.0	0.995	1.0	1.0	0.85	0.93	0.905	0.995	0.9	0.93	0.89	1.0	0.925	0.84	0.69	0.85	0.795	0.53	0.915	0.735	0.765	0.775	0.885	0.865	0.75	0.755	0.765	0.815	0.865	0.82
G1-177	0.375	0.675	0.505	0.91	0.785	0.91	0.605	0.595	0.83	0.18	0.55	0.185	0.4	0.405	0.485	0.43	0.29	0.82	0.825	0.0	0.26	0.825	0.825	0.4	0.205	0.295	0.255	0.465	0.59	0.62	0.81	0.675	0.665	0.82	0.96	0.945	0.925	0.95	0.955	0.965	0.905	0.94	0.425	0.775	0.79	0.82	0.825	0.79	0.79	0.78	0.4	0.405	0.405	0.405	0.405	0.425	0.425	0.825	0.405	0.365	0.535	0.29	0.425	0.825	0.825	0.78	0.76	0.79	0.79	0.785	0.955	0.775	0.865	0.71	0.89	0.855	0.975	0.92	0.86	0.855	0.69	0.59	0.32	0.52	0.31	0.365	0.3	0.76	0.685	0.245	0.21	0.43	0.235	0.37	0.575	0.21	0.265	0.21	0.41	0.495	0.23	0.3	0.2	0.18	0.255	0.17
G1-178	0.2	0.415	0.51	0.91	0.73	0.91	0.445	0.36	0.855	0.26	0.45	0.305	0.555	0.56	0.56	0.56	0.255	0.565	0.565	0.26	0.0	0.565	0.565	0.3	0.335	0.27	0.38	0.56	0.35	0.62	0.81	0.675	0.67	0.82	0.96	0.945	0.925	0.95	0.955	0.965	0.905	0.94	0.19	0.53	0.555	0.82	0.565	0.555	0.555	0.55	0.55	0.56	0.56	0.56	0.56	0.555	0.555	0.565	0.535	0.455	0.535	0.42	0.555	0.565	0.565	0.52	0.57	0.555	0.555	0.55	0.955	0.775	0.865	0.71	0.89	0.855	0.975	0.92	0.86	0.855	0.69	0.59	0.455	0.57	0.445	0.49	0.44	0.765	0.71	0.32	0.2	0.505	0.365	0.135	0.6	0.28	0.29	0.315	0.44	0.525	0.29	0.295	0.295	0.325	0.4	0.32
G1-180	0.63	0.155	0.915	0.93	0.745	0.93	0.635	0.49	0.905	0.825	0.7	0.815	0.995	1.0	1.0	1.0	0.76	0.305	0.03	0.825	0.565	0.0	0.04	0.64	0.885	0.715	0.865	0.995	0.365	1.0	1.0	1.0	0.97	0.89	1.0	0.995	1.0	1.0	1.0	1.0	1.0	1.0	0.545	0.415	0.375	1.0	0.055	0.43	0.485	0.4	0.99	1.0	0.995	0.99	0.995	0.995	0.98	0.05	0.96	0.96	0.96	0.85	0.985	0.05	0.04	0.255	0.63	0.525	0.455	0.515	1.0	1.0	0.995	1.0	1.0	1.0	1.0	0.995	1.0	1.0	0.85	0.93	0.905	0.995	0.9	0.93	0.89	1.0	0.925	0.84	0.69	0.85	0.795	0.53	0.915	0.735	0.77	0.775	0.89	0.865	0.755	0.755	0.765	0.815	0.865	0.82
G1-182	0.63	0.155	0.915	0.93	0.745	0.93	0.635	0.49	0.905	0.825	0.7	0.815	0.995	1.0	1.0	1.0	0.76	0.32	0.015	0.825	0.565	0.04	0.0	0.64	0.885	0.72	0.865	0.995	0.365	1.0	1.0	1.0	0.98	0.9	1.0	0.995	1.0	1.0	1.0	1.0	1.0	1.0	0.545	0.425	0.375	1.0	0.06	0.43	0.495	0.41	0.99	1.0	0.995	0.99	0.995	0.995	0.98	0.025	0.96	0.96	0.96	0.85	0.985	0.025	0.015	0.27	0.63	0.525	0.455	0.515	1.0	1.0	0.995	1.0	1.0	1.0	1.0	0.995	1.0	1.0	0.85	0.93	0.905	0.995	0.9	0.93	0.89	1.0	0.925	0.84	0.69	0.85	0.795	0.53	0.915	0.735	0.78	0.775	0.9	0.865	0.765	0.755	0.765	0.815	0.865	0.82
G1-187	0.38	0.485	0.65	0.91	0.72	0.91	0.4	0.385	0.845	0.34	0.475	0.38	0.77	0.775	0.775	0.775	0.44	0.64	0.64	0.4	0.3	0.64	0.64	0.0	0.445	0.345	0.45	0.775	0.415	0.615	0.67	0.535	0.55	0.72	0.86	0.845	0.825	0.85	0.855	0.865	0.805	0.84	0.395	0.54	0.62	0.68	0.585	0.6	0.62	0.615	0.765	0.775	0.775	0.775	0.775	0.775	0.64	0.635	0.63	0.54	0.585	0.52	0.67	0.64	0.64	0.495	0.475	0.62	0.615	0.6	0.855	0.665	0.765	0.635	0.79	0.755	0.875	0.82	0.76	0.755	0.59	0.625	0.625	0.695	0.605	0.615	0.595	0.665	0.695	0.49	0.415	0.41	0.56	0.36	0.685	0.495	0.505	0.53	0.635	0.635	0.505	0.51	0.505	0.535	0.615	0.535
G1-188	0.455	0.735	0.515	0.915	0.885	0.92	0.705	0.69	0.865	0.215	0.65	0.155	0.365	0.37	0.52	0.465	0.395	0.885	0.885	0.205	0.335	0.885	0.885	0.445	0.0	0.25	0.18	0.495	0.68	0.505	0.695	0.56	0.55	0.715	0.85	0.83	0.815	0.84	0.845	0.855	0.795	0.83	0.515	0.805	0.89	0.705	0.83	0.87	0.885	0.88	0.36	0.37	0.365	0.365	0.365	0.36	0.235	0.885	0.265	0.25	0.41	0.205	0.265	0.89	0.885	0.73	0.71	0.885	0.88	0.87	0.845	0.66	0.75	0.595	0.78	0.745	0.865	0.805	0.75	0.745	0.62	0.48	0.2	0.41	0.18	0.26	0.17	0.655	0.715	0.32	0.305	0.535	0.25	0.465	0.605	0.24	0.36	0.24	0.445	0.56	0.315	0.395	0.25	0.235	0.225	0.245
G1-189	0.285	0.575	0.505	0.91	0.725	0.91	0.535	0.52	0.85	0.215	0.475	0.18	0.485	0.49	0.505	0.49	0.325	0.715	0.715	0.295	0.27	0.715	0.72	0.345	0.25	0.0	0.15	0.485	0.5	0.505	0.67	0.635	0.59	0.665	0.82	0.8	0.785	0.81	0.815	0.825	0.765	0.8	0.34	0.62	0.715	0.68	0.66	0.695	0.7	0.695	0.48	0.49	0.485	0.48	0.485	0.485	0.375	0.725	0.375	0.305	0.405	0.27	0.405	0.73	0.72	0.575	0.52	0.705	0.705	0.695	0.815	0.66	0.72	0.6	0.79	0.76	0.835	0.775	0.72	0.715	0.55	0.45	0.335	0.38	0.32	0.285	0.305	0.695	0.705	0.32	0.195	0.6	0.285	0.295	0.59	0.205	0.275	0.245	0.45	0.52	0.23	0.245	0.235	0.285	0.335	0.29
G1-190	0.415	0.715	0.505	0.905	0.835	0.905	0.66	0.645	0.84	0.225	0.6	0.155	0.43	0.435	0.5	0.445	0.4	0.865	0.865	0.255	0.38	0.865	0.865	0.45	0.18	0.15	0.0	0.48	0.635	0.46	0.65	0.59	0.56	0.66	0.8	0.785	0.765	0.79	0.795	0.805	0.745	0.78	0.465	0.76	0.84	0.66	0.81	0.82	0.84	0.835	0.425	0.435	0.435	0.435	0.435	0.435	0.33	0.86	0.33	0.235	0.405	0.235	0.355	0.865	0.865	0.7	0.64	0.84	0.835	0.82	0.795	0.615	0.705	0.555	0.745	0.715	0.815	0.76	0.7	0.695	0.545	0.43	0.28	0.365	0.26	0.21	0.25	0.65	0.695	0.31	0.27	0.59	0.3	0.42	0.59	0.275	0.335	0.28	0.435	0.515	0.27	0.345	0.265	0.25	0.27	0.25
G1-192	0.55	0.845	0.595	0.99	0.615	0.99	0.445	0.785	0.585	0.49	0.385	0.49	0.34	0.335	0.055	0.19	0.51	0.995	0.995	0.465	0.56	0.995	0.995	0.775	0.495	0.485	0.48	0.0	0.775	0.665	0.83	0.795	0.77	0.905	0.96	0.94	0.925	0.95	0.955	0.965	0.905	0.945	0.615	0.945	0.955	0.83	0.995	0.93	0.89	0.945	0.375	0.305	0.335	0.35	0.345	0.38	0.495	1.0	0.495	0.455	0.59	0.5	0.5	1.0	0.995	0.995	0.93	0.94	0.875	0.88	0.975	0.82	0.875	0.76	0.95	0.92	0.975	0.915	0.86	0.855	0.84	0.66	0.5	0.52	0.5	0.5	0.5	0.855	0.425	0.375	0.455	0.77	0.465	0.54	0.315	0.415	0.32	0.44	0.425	0.295	0.47	0.495	0.435	0.465	0.47	0.435
G1-193	0.365	0.22	0.7	0.85	0.64	0.865	0.41	0.205	0.805	0.6	0.445	0.6	0.775	0.78	0.78	0.78	0.525	0.365	0.365	0.59	0.35	0.365	0.365	0.415	0.68	0.5	0.635	0.775	0.0	0.795	0.815	0.795	0.775	0.81	0.96	0.94	0.925	0.95	0.955	0.965	0.905	0.94	0.205	0.245	0.215	0.82	0.365	0.27	0.335	0.245	0.77	0.78	0.775	0.765	0.775	0.795	0.79	0.375	0.77	0.755	0.755	0.66	0.795	0.375	0.365	0.35	0.565	0.365	0.295	0.35	0.96	0.805	0.86	0.795	0.935	0.905	0.975	0.915	0.86	0.855	0.655	0.7	0.645	0.805	0.64	0.63	0.615	0.84	0.64	0.545	0.425	0.64	0.575	0.28	0.685	0.49	0.545	0.54	0.665	0.64	0.46	0.405	0.475	0.465	0.605	0.48
G2-1100	0.63	0.85	0.625	0.985	0.995	0.99	0.785	0.77	0.96	0.54	0.76	0.51	0.665	0.665	0.665	0.665	0.62	1.0	1.0	0.62	0.62	1.0	1.0	0.615	0.505	0.505	0.46	0.665	0.795	0.0	0.19	0.19	0.255	0.335	0.375	0.36	0.34	0.365	0.37	0.38	0.32	0.355	0.645	0.92	1.0	0.205	0.945	0.98	1.0	0.995	0.665	0.665	0.665	0.665	0.665	0.66	0.525	0.995	0.54	0.32	0.5	0.59	0.555	1.0	1.0	0.835	0.435	1.0	0.995	0.98	0.37	0.18	0.28	0.12	0.32	0.29	0.39	0.335	0.275	0.27	0.255	0.115	0.59	0.16	0.575	0.445	0.575	0.225	0.79	0.58	0.62	0.73	0.645	0.61	0.69	0.645	0.62	0.645	0.62	0.67	0.62	0.645	0.63	0.615	0.635	0.62
G2-1101	0.795	0.85	0.755	0.985	0.995	0.99	0.785	0.665	0.96	0.675	0.83	0.685	0.83	0.83	0.83	0.83	0.81	1.0	1.0	0.81	0.81	1.0	1.0	0.67	0.695	0.67	0.65	0.83	0.815	0.19	0.0	0.135	0.27	0.295	0.335	0.32	0.3	0.325	0.33	0.34	0.28	0.315	0.81	0.92	1.0	0.055	0.945	0.98	1.0	0.995	0.83	0.83	0.83	0.83	0.83	0.825	0.69	0.995	0.555	0.505	0.515	0.745	0.72	1.0	1.0	0.86	0.435	1.0	0.995	0.98	0.33	0.175	0.24	0.175	0.305	0.275	0.35	0.295	0.235	0.23	0.215	0.28	0.755	0.325	0.745	0.61	0.74	0.21	0.815	0.74	0.81	0.805	0.81	0.775	0.82	0.81	0.81	0.81	0.81	0.825	0.81	0.81	0.805	0.805	0.81	0.81
G2-1102	0.76	0.85	0.72	0.985	0.995	0.99	0.78	0.655	0.96	0.54	0.795	0.6	0.795	0.795	0.795	0.795	0.7	1.0	1.0	0.675	0.675	1.0	1.0	0.535	0.56	0.635	0.59	0.795	0.795	0.19	0.135	0.0	0.16	0.395	0.435	0.42	0.4	0.425	0.43	0.44	0.38	0.415	0.775	0.92	1.0	0.145	0.945	0.98	1.0	0.995	0.795	0.795	0.795	0.795	0.795	0.79	0.655	0.995	0.555	0.415	0.515	0.71	0.685	1.0	1.0	0.835	0.435	1.0	0.995	0.98	0.43	0.24	0.34	0.21	0.365	0.33	0.45	0.395	0.335	0.33	0.315	0.27	0.72	0.29	0.705	0.575	0.705	0.24	0.79	0.645	0.74	0.67	0.775	0.74	0.785	0.775	0.735	0.775	0.745	0.79	0.75	0.775	0.76	0.74	0.765	0.735
G2-1103	0.725	0.835	0.69	0.975	0.985	0.98	0.77	0.695	0.95	0.535	0.765	0.57	0.77	0.775	0.775	0.775	0.67	0.87	0.965	0.665	0.67	0.97	0.98	0.55	0.55	0.59	0.56	0.77	0.775	0.255	0.27	0.16	0.0	0.39	0.52	0.5	0.485	0.51	0.515	0.525	0.465	0.5	0.74	0.885	0.99	0.28	0.92	0.97	0.955	0.96	0.765	0.775	0.77	0.765	0.77	0.765	0.62	0.985	0.57	0.38	0.535	0.68	0.655	0.99	0.98	0.74	0.48	0.98	0.98	0.97	0.515	0.325	0.42	0.275	0.45	0.415	0.535	0.475	0.42	0.415	0.39	0.325	0.69	0.33	0.675	0.545	0.67	0.325	0.78	0.615	0.705	0.665	0.735	0.71	0.75	0.74	0.675	0.745	0.69	0.76	0.69	0.745	0.73	0.71	0.73	0.705
G2-1104	0.815	0.82	0.825	0.92	0.895	0.92	0.82	0.82	0.865	0.775	0.82	0.745	0.905	0.91	0.91	0.91	0.82	0.83	0.885	0.82	0.82	0.89	0.9	0.72	0.715	0.665	0.66	0.905	0.81	0.335	0.295	0.395	0.39	0.0	0.23	0.21	0.195	0.22	0.225	0.235	0.19	0.215	0.81	0.795	0.9	0.34	0.84	0.88	0.865	0.88	0.9	0.91	0.905	0.9	0.905	0.9	0.795	0.905	0.79	0.615	0.765	0.79	0.82	0.91	0.9	0.71	0.34	0.89	0.89	0.88	0.245	0.19	0.185	0.22	0.22	0.19	0.245	0.185	0.19	0.19	0.175	0.3	0.775	0.41	0.765	0.64	0.76	0.215	0.835	0.815	0.815	0.815	0.81	0.82	0.825	0.815	0.79	0.82	0.795	0.82	0.79	0.82	0.82	0.82	0.815	0.82
G2-1105	0.96	0.96	0.96	0.995	0.995	1.0	0.96	0.96	0.965	0.915	0.96	0.885	0.96	0.96	0.96	0.96	0.96	1.0	1.0	0.96	0.96	1.0	1.0	0.86	0.85	0.82	0.8	0.96	0.96	0.375	0.335	0.435	0.52	0.23	0.0	0.02	0.035	0.01	0.005	0.005	0.055	0.02	0.95	0.92	1.0	0.38	0.945	0.98	1.0	1.0	0.96	0.96	0.96	0.96	0.96	0.955	0.855	0.995	0.87	0.695	0.845	0.92	0.875	1.0	1.0	0.88	0.46	1.0	0.995	0.98	0.02	0.195	0.1	0.26	0.07	0.105	0.015	0.045	0.1	0.105	0.305	0.41	0.905	0.455	0.895	0.75	0.89	0.255	0.96	0.955	0.96	0.955	0.96	0.96	0.96	0.96	0.96	0.96	0.96	0.96	0.96	0.96	0.96	0.96	0.96	0.96
G2-1106	0.94	0.94	0.945	0.995	0.995	1.0	0.945	0.945	0.965	0.9	0.945	0.87	0.945	0.945	0.945	0.945	0.945	0.995	0.995	0.945	0.945	0.995	0.995	0.845	0.83	0.8	0.785	0.94	0.94	0.36	0.32	0.42	0.5	0.21	0.02	0.0	0.02	0.01	0.015	0.025	0.04	0.005	0.935	0.915	1.0	0.365	0.94	0.98	0.995	0.995	0.945	0.945	0.94	0.94	0.94	0.94	0.835	0.995	0.85	0.68	0.83	0.905	0.86	1.0	0.995	0.875	0.44	0.995	0.99	0.98	0.035	0.18	0.08	0.245	0.06	0.09	0.035	0.025	0.085	0.09	0.29	0.395	0.89	0.435	0.88	0.735	0.875	0.24	0.945	0.94	0.94	0.935	0.94	0.945	0.94	0.94	0.94	0.945	0.94	0.945	0.94	0.945	0.945	0.945	0.94	0.945
G2-1107	0.925	0.925	0.925	0.995	0.995	1.0	0.925	0.925	0.965	0.88	0.925	0.85	0.925	0.925	0.925	0.925	0.925	1.0	1.0	0.925	0.925	1.0	1.0	0.825	0.815	0.785	0.765	0.925	0.925	0.34	0.3	0.4	0.485	0.195	0.035	0.02	0.0	0.025	0.03	0.04	0.02	0.02	0.915	0.92	1.0	0.345	0.945	0.98	1.0	1.0	0.925	0.925	0.925	0.925	0.925	0.92	0.82	0.995	0.835	0.66	0.81	0.885	0.84	1.0	1.0	0.88	0.435	1.0	0.995	0.98	0.05	0.16	0.065	0.225	0.06	0.07	0.05	0.01	0.065	0.07	0.27	0.375	0.87	0.42	0.86	0.715	0.855	0.22	0.925	0.92	0.925	0.92	0.925	0.925	0.925	0.925	0.925	0.925	0.925	0.925	0.925	0.925	0.925	0.925	0.925	0.925
G2-1108	0.95	0.95	0.95	0.995	0.995	1.0	0.95	0.95	0.965	0.905	0.95	0.875	0.95	0.95	0.95	0.95	0.95	1.0	1.0	0.95	0.95	1.0	1.0	0.85	0.84	0.81	0.79	0.95	0.95	0.365	0.325	0.425	0.51	0.22	0.01	0.01	0.025	0.0	0.005	0.015	0.045	0.01	0.94	0.92	1.0	0.37	0.945	0.98	1.0	1.0	0.95	0.95	0.95	0.95	0.95	0.945	0.845	0.995	0.86	0.685	0.835	0.91	0.865	1.0	1.0	0.88	0.45	1.0	0.995	0.98	0.025	0.185	0.09	0.25	0.06	0.095	0.025	0.035	0.09	0.095	0.295	0.4	0.895	0.445	0.885	0.74	0.88	0.245	0.95	0.945	0.95	0.945	0.95	0.95	0.95	0.95	0.95	0.95	0.95	0.95	0.95	0.95	0.95	0.95	0.95	0.95
G2-1109	0.955	0.955	0.955	0.995	0.995	1.0	0.955	0.955	0.965	0.91	0.955	0.88	0.955	0.955	0.955	0.955	0.955	1.0	1.0	0.955	0.955	1.0	1.0	0.855	0.845	0.815	0.795	0.955	0.955	0.37	0.33	0.43	0.515	0.225	0.005	0.015	0.03	0.005	0.0	0.01	0.05	0.015	0.945	0.92	1.0	0.375	0.945	0.98	1.0	1.0	0.955	0.955	0.955	0.955	0.955	0.95	0.85	0.995	0.865	0.69	0.84	0.915	0.87	1.0	1.0	0.88	0.455	1.0	0.995	0.98	0.02	0.19	0.095	0.255	0.065	0.1	0.02	0.04	0.095	0.1	0.3	0.405	0.9	0.45	0.89	0.745	0.885	0.25	0.955	0.95	0.955	0.95	0.955	0.955	0.955	0.955	0.955	0.955	0.955	0.955	0.955	0.955	0.955	0.955	0.955	0.955
G2-1110	0.965	0.965	0.965	0.995	0.995	1.0	0.965	0.965	0.965	0.92	0.965	0.89	0.965	0.965	0.965	0.965	0.965	1.0	1.0	0.965	0.965	1.0	1.0	0.865	0.855	0.825	0.805	0.965	0.965	0.38	0.34	0.44	0.525	0.235	0.005	0.025	0.04	0.015	0.01	0.0	0.06	0.025	0.955	0.92	1.0	0.385	0.945	0.98	1.0	1.0	0.965	0.965	0.965	0.965	0.965	0.96	0.86	0.995	0.875	0.7	0.85	0.925	0.88	1.0	1.0	0.88	0.465	1.0	0.995	0.98	0.02	0.2	0.105	0.265	0.075	0.11	0.01	0.05	0.105	0.11	0.31	0.415	0.91	0.46	0.9	0.755	0.895	0.26	0.965	0.96	0.965	0.96	0.965	0.965	0.965	0.965	0.965	0.965	0.965	0.965	0.965	0.965	0.965	0.965	0.965	0.965
G2-1111	0.905	0.905	0.905	0.995	0.995	1.0	0.905	0.905	0.965	0.86	0.905	0.83	0.905	0.905	0.905	0.905	0.905	1.0	1.0	0.905	0.905	1.0	1.0	0.805	0.795	0.765	0.745	0.905	0.905	0.32	0.28	0.38	0.465	0.19	0.055	0.04	0.02	0.045	0.05	0.06	0.0	0.04	0.895	0.92	1.0	0.325	0.945	0.98	1.0	1.0	0.905	0.905	0.905	0.905	0.905	0.9	0.8	0.995	0.815	0.64	0.79	0.865	0.82	1.0	1.0	0.88	0.435	1.0	0.995	0.98	0.07	0.14	0.045	0.205	0.06	0.065	0.07	0.015	0.045	0.05	0.25	0.355	0.85	0.4	0.84	0.695	0.835	0.2	0.905	0.9	0.905	0.9	0.905	0.905	0.905	0.905	0.905	0.905	0.905	0.905	0.905	0.905	0.905	0.905	0.905	0.905
G2-1113	0.94	0.945	0.94	0.99	0.995	0.995	0.94	0.94	0.96	0.895	0.945	0.865	0.945	0.945	0.945	0.945	0.94	1.0	1.0	0.94	0.94	1.0	1.0	0.84	0.83	0.8	0.78	0.945	0.94	0.355	0.315	0.415	0.5	0.215	0.02	0.005	0.02	0.01	0.015	0.025	0.04	0.0	0.93	0.92	1.0	0.36	0.945	0.98	1.0	0.995	0.945	0.945	0.945	0.945	0.945	0.94	0.84	0.995	0.855	0.675	0.825	0.905	0.86	1.0	1.0	0.875	0.445	1.0	0.995	0.98	0.03	0.175	0.08	0.24	0.055	0.085	0.035	0.03	0.085	0.09	0.29	0.395	0.885	0.44	0.875	0.73	0.87	0.235	0.94	0.935	0.94	0.935	0.945	0.94	0.94	0.94	0.94	0.94	0.94	0.94	0.94	0.94	0.94	0.94	0.94	0.94
G2-194	0.19	0.395	0.52	0.835	0.625	0.85	0.4	0.25	0.79	0.425	0.38	0.43	0.61	0.615	0.615	0.615	0.35	0.535	0.545	0.425	0.19	0.545	0.545	0.395	0.515	0.34	0.465	0.615	0.205	0.645	0.81	0.775	0.74	0.81	0.95	0.935	0.915	0.94	0.945	0.955	0.895	0.93	0.0	0.35	0.395	0.81	0.535	0.385	0.395	0.385	0.605	0.615	0.615	0.61	0.615	0.625	0.62	0.54	0.6	0.585	0.585	0.485	0.62	0.545	0.545	0.525	0.545	0.395	0.39	0.38	0.955	0.8	0.86	0.74	0.93	0.9	0.965	0.91	0.85	0.845	0.645	0.54	0.475	0.635	0.47	0.46	0.43	0.835	0.635	0.38	0.255	0.605	0.41	0.135	0.58	0.335	0.395	0.38	0.5	0.505	0.295	0.225	0.315	0.305	0.45	0.315
G2-197	0.52	0.4	0.855	0.845	0.63	0.86	0.56	0.365	0.81	0.73	0.6	0.725	0.945	0.95	0.95	0.95	0.695	0.405	0.41	0.775	0.53	0.415	0.425	0.54	0.805	0.62	0.76	0.945	0.245	0.92	0.92	0.92	0.885	0.795	0.92	0.915	0.92	0.92	0.92	0.92	0.92	0.92	0.35	0.0	0.14	0.92	0.365	0.16	0.205	0.1	0.94	0.95	0.945	0.935	0.945	0.955	0.9	0.43	0.88	0.88	0.88	0.785	0.905	0.435	0.425	0.355	0.535	0.21	0.135	0.18	0.92	0.92	0.915	0.92	0.92	0.92	0.92	0.915	0.92	0.92	0.735	0.81	0.77	0.915	0.765	0.75	0.72	0.92	0.82	0.725	0.595	0.805	0.735	0.465	0.865	0.675	0.715	0.725	0.82	0.815	0.61	0.535	0.66	0.64	0.785	0.66
G2-198	0.565	0.37	0.895	0.865	0.63	0.875	0.575	0.395	0.83	0.805	0.62	0.805	0.95	0.955	0.955	0.955	0.715	0.375	0.375	0.79	0.555	0.375	0.375	0.62	0.89	0.715	0.84	0.955	0.215	1.0	1.0	1.0	0.99	0.9	1.0	1.0	1.0	1.0	1.0	1.0	1.0	1.0	0.395	0.14	0.0	1.0	0.375	0.095	0.15	0.075	0.96	0.955	0.955	0.95	0.965	0.985	0.985	0.375	0.965	0.96	0.96	0.85	0.985	0.375	0.375	0.375	0.635	0.16	0.13	0.165	1.0	1.0	1.0	1.0	1.0	1.0	1.0	1.0	1.0	1.0	0.815	0.89	0.85	1.0	0.845	0.83	0.8	1.0	0.825	0.735	0.625	0.85	0.775	0.47	0.875	0.685	0.745	0.73	0.865	0.82	0.675	0.57	0.665	0.665	0.815	0.665
G2-199	0.795	0.85	0.755	0.985	0.995	0.99	0.785	0.67	0.96	0.685	0.83	0.695	0.83	0.83	0.83	0.83	0.82	1.0	1.0	0.82	0.82	1.0	1.0	0.68	0.705	0.68	0.66	0.83	0.82	0.205	0.055	0.145	0.28	0.34	0.38	0.365	0.345	0.37	0.375	0.385	0.325	0.36	0.81	0.92	1.0	0.0	0.945	0.98	1.0	0.995	0.83	0.83	0.83	0.83	0.83	0.825	0.69	0.995	0.5	0.515	0.465	0.745	0.72	1.0	1.0	0.87	0.435	1.0	0.995	0.98	0.385	0.23	0.29	0.23	0.36	0.33	0.395	0.34	0.28	0.275	0.26	0.28	0.765	0.325	0.755	0.61	0.75	0.265	0.815	0.75	0.82	0.815	0.81	0.785	0.82	0.82	0.82	0.82	0.82	0.825	0.82	0.82	0.815	0.815	0.82	0.82
G2-21	0.63	0.155	0.915	0.93	0.745	0.93	0.635	0.49	0.905	0.78	0.7	0.76	0.995	1.0	1.0	1.0	0.76	0.32	0.055	0.825	0.565	0.055	0.06	0.585	0.83	0.66	0.81	0.995	0.365	0.945	0.945	0.945	0.92	0.84	0.945	0.94	0.945	0.945	0.945	0.945	0.945	0.945	0.535	0.365	0.375	0.945	0.0	0.41	0.49	0.405	0.99	1.0	0.995	0.99	0.995	0.99	0.925	0.065	0.905	0.905	0.905	0.81	0.93	0.07	0.06	0.21	0.575	0.525	0.45	0.5	0.945	0.945	0.94	0.945	0.945	0.945	0.945	0.94	0.945	0.945	0.795	0.875	0.85	0.94	0.845	0.875	0.835	0.945	0.925	0.835	0.69	0.845	0.795	0.53	0.915	0.735	0.775	0.775	0.895	0.865	0.76	0.755	0.765	0.815	0.865	0.82
G2-210	0.565	0.425	0.895	0.865	0.605	0.875	0.55	0.395	0.805	0.785	0.595	0.785	0.95	0.95	0.93	0.93	0.69	0.43	0.43	0.79	0.555	0.43	0.43	0.6	0.87	0.695	0.82	0.93	0.27	0.98	0.98	0.98	0.97	0.88	0.98	0.98	0.98	0.98	0.98	0.98	0.98	0.98	0.385	0.16	0.095	0.98	0.41	0.0	0.095	0.12	0.96	0.93	0.945	0.945	0.965	0.98	0.965	0.425	0.945	0.94	0.94	0.83	0.965	0.43	0.43	0.41	0.615	0.14	0.14	0.165	0.98	0.98	0.98	0.98	0.98	0.98	0.98	0.98	0.98	0.98	0.795	0.87	0.83	0.98	0.825	0.81	0.78	0.98	0.8	0.705	0.625	0.845	0.775	0.455	0.85	0.66	0.72	0.715	0.84	0.795	0.675	0.57	0.645	0.665	0.815	0.645
G2-211	0.56	0.495	0.895	0.865	0.57	0.875	0.515	0.41	0.77	0.805	0.56	0.805	0.95	0.95	0.895	0.895	0.67	0.47	0.48	0.79	0.555	0.485	0.495	0.62	0.885	0.7	0.84	0.89	0.335	1.0	1.0	1.0	0.955	0.865	1.0	0.995	1.0	1.0	1.0	1.0	1.0	1.0	0.395	0.205	0.15	1.0	0.49	0.095	0.0	0.155	0.96	0.92	0.94	0.935	0.96	0.985	0.98	0.505	0.96	0.96	0.96	0.85	0.985	0.505	0.495	0.47	0.63	0.11	0.13	0.125	1.0	1.0	0.995	1.0	1.0	1.0	1.0	0.995	1.0	1.0	0.815	0.89	0.85	0.995	0.845	0.83	0.8	1.0	0.765	0.675	0.62	0.845	0.765	0.455	0.81	0.645	0.655	0.715	0.78	0.76	0.645	0.57	0.645	0.665	0.81	0.645
G2-212	0.555	0.41	0.89	0.86	0.625	0.87	0.565	0.39	0.82	0.8	0.615	0.8	0.95	0.95	0.95	0.95	0.705	0.395	0.4	0.78	0.55	0.4	0.41	0.615	0.88	0.695	0.835	0.945	0.245	0.995	0.995	0.995	0.96	0.88	1.0	0.995	1.0	1.0	1.0	1.0	1.0	0.995	0.385	0.1	0.075	0.995	0.405	0.12	0.155	0.0	0.96	0.95	0.945	0.935	0.96	0.985	0.98	0.42	0.96	0.955	0.955	0.85	0.985	0.42	0.41	0.395	0.63	0.135	0.08	0.125	0.995	0.995	0.99	0.995	0.995	0.995	1.0	0.995	1.0	1.0	0.815	0.89	0.845	0.995	0.84	0.825	0.79	0.995	0.815	0.725	0.615	0.84	0.765	0.46	0.86	0.67	0.715	0.72	0.835	0.81	0.65	0.565	0.655	0.66	0.805	0.655
G2-213	0.545	0.84	0.585	0.98	0.955	0.98	0.785	0.78	0.925	0.48	0.72	0.405	0.1	0.13	0.415	0.325	0.56	0.99	0.99	0.4	0.55	0.99	0.99	0.765	0.36	0.48	0.425	0.375	0.77	0.665	0.83	0.795	0.765	0.9	0.96	0.945	0.925	0.95	0.955	0.965	0.905	0.945	0.605	0.94	0.96	0.83	0.99	0.96	0.96	0.96	0.0	0.105	0.04	0.05	0.04	0.03	0.155	0.99	0.39	0.425	0.58	0.27	0.14	0.99	0.99	0.99	0.925	0.96	0.96	0.955	0.975	0.82	0.88	0.76	0.95	0.92	0.975	0.92	0.86	0.855	0.83	0.65	0.265	0.525	0.305	0.44	0.345	0.855	0.765	0.48	0.435	0.765	0.225	0.56	0.66	0.335	0.495	0.265	0.55	0.635	0.44	0.485	0.355	0.36	0.19	0.375
G2-214	0.555	0.85	0.595	0.99	0.915	0.99	0.745	0.785	0.885	0.49	0.68	0.415	0.035	0.055	0.355	0.22	0.52	1.0	1.0	0.405	0.56	1.0	1.0	0.775	0.37	0.49	0.435	0.305	0.78	0.665	0.83	0.795	0.775	0.91	0.96	0.945	0.925	0.95	0.955	0.965	0.905	0.945	0.615	0.95	0.955	0.83	1.0	0.93	0.92	0.95	0.105	0.0	0.07	0.1	0.09	0.1	0.245	1.0	0.4	0.435	0.59	0.28	0.245	1.0	1.0	1.0	0.935	0.945	0.92	0.915	0.975	0.82	0.88	0.76	0.95	0.92	0.975	0.92	0.86	0.855	0.84	0.66	0.275	0.525	0.315	0.45	0.355	0.855	0.725	0.44	0.435	0.775	0.235	0.54	0.62	0.295	0.455	0.245	0.51	0.595	0.45	0.495	0.33	0.365	0.22	0.35
G2-215	0.55	0.845	0.595	0.99	0.94	0.99	0.77	0.785	0.91	0.49	0.705	0.415	0.08	0.1	0.38	0.29	0.545	0.995	0.995	0.405	0.56	0.995	0.995	0.775	0.365	0.485	0.435	0.335	0.775	0.665	0.83	0.795	0.77	0.905	0.96	0.94	0.925	0.95	0.955	0.965	0.905	0.945	0.615	0.945	0.955	0.83	0.995	0.945	0.94	0.945	0.04	0.07	0.0	0.035	0.035	0.05	0.175	1.0	0.395	0.435	0.59	0.28	0.18	1.0	0.995	0.995	0.93	0.94	0.94	0.94	0.975	0.82	0.875	0.76	0.95	0.92	0.975	0.915	0.86	0.855	0.84	0.66	0.275	0.52	0.315	0.45	0.355	0.855	0.75	0.465	0.43	0.77	0.23	0.545	0.64	0.315	0.475	0.25	0.53	0.62	0.445	0.495	0.34	0.365	0.195	0.36
G2-216	0.545	0.845	0.59	0.985	0.94	0.985	0.77	0.78	0.91	0.49	0.705	0.415	0.105	0.125	0.385	0.32	0.55	0.99	0.99	0.405	0.56	0.99	0.99	0.775	0.365	0.48	0.435	0.35	0.765	0.665	0.83	0.795	0.765	0.9	0.96	0.94	0.925	0.95	0.955	0.965	0.905	0.945	0.61	0.935	0.95	0.83	0.99	0.945	0.935	0.935	0.05	0.1	0.035	0.0	0.03	0.055	0.16	1.0	0.395	0.435	0.59	0.28	0.16	1.0	0.99	0.99	0.93	0.935	0.94	0.94	0.975	0.82	0.875	0.76	0.95	0.92	0.975	0.915	0.86	0.855	0.835	0.655	0.27	0.52	0.31	0.445	0.35	0.855	0.75	0.465	0.425	0.77	0.225	0.545	0.645	0.315	0.475	0.255	0.53	0.625	0.435	0.49	0.34	0.36	0.19	0.36
G2-217	0.55	0.845	0.595	0.99	0.96	0.99	0.79	0.785	0.93	0.49	0.725	0.415	0.09	0.115	0.4	0.31	0.565	0.995	0.995	0.405	0.56	0.995	0.995	0.775	0.365	0.485	0.435	0.345	0.775	0.665	0.83	0.795	0.77	0.905	0.96	0.94	0.925	0.95	0.955	0.965	0.905	0.945	0.615	0.945	0.965	0.83	0.995	0.965	0.96	0.96	0.04	0.09	0.035	0.03	0.0	0.045	0.16	1.0	0.395	0.435	0.59	0.28	0.165	1.0	0.995	0.995	0.93	0.96	0.96	0.96	0.975	0.82	0.875	0.76	0.95	0.92	0.975	0.915	0.86	0.855	0.84	0.66	0.275	0.52	0.315	0.45	0.355	0.855	0.77	0.485	0.435	0.77	0.23	0.565	0.66	0.335	0.495	0.27	0.55	0.64	0.445	0.495	0.36	0.365	0.195	0.38
G2-218	0.565	0.845	0.595	0.985	0.98	0.985	0.81	0.805	0.95	0.49	0.745	0.405	0.095	0.125	0.425	0.32	0.585	0.995	0.995	0.425	0.555	0.995	0.995	0.775	0.36	0.485	0.435	0.38	0.795	0.66	0.825	0.79	0.765	0.9	0.955	0.94	0.92	0.945	0.95	0.96	0.9	0.94	0.625	0.955	0.985	0.825	0.99	0.98	0.985	0.985	0.03	0.1	0.05	0.055	0.045	0.0	0.155	0.99	0.39	0.425	0.58	0.27	0.145	0.995	0.995	0.99	0.925	0.985	0.98	0.975	0.97	0.815	0.875	0.755	0.945	0.915	0.97	0.915	0.855	0.85	0.83	0.65	0.265	0.52	0.305	0.44	0.345	0.85	0.79	0.5	0.46	0.765	0.25	0.585	0.685	0.36	0.52	0.29	0.575	0.66	0.46	0.51	0.38	0.385	0.21	0.4
G2-219	0.53	0.83	0.56	0.98	0.98	0.985	0.775	0.77	0.95	0.41	0.745	0.295	0.24	0.27	0.52	0.465	0.585	0.98	0.98	0.425	0.555	0.98	0.98	0.64	0.235	0.375	0.33	0.495	0.79	0.525	0.69	0.655	0.62	0.795	0.855	0.835	0.82	0.845	0.85	0.86	0.8	0.84	0.62	0.9	0.985	0.69	0.925	0.965	0.98	0.98	0.155	0.245	0.175	0.16	0.16	0.155	0.0	0.98	0.255	0.325	0.43	0.185	0.04	0.985	0.98	0.875	0.81	0.98	0.975	0.965	0.87	0.705	0.77	0.645	0.845	0.815	0.87	0.81	0.755	0.75	0.72	0.54	0.205	0.415	0.235	0.33	0.27	0.75	0.785	0.465	0.455	0.755	0.225	0.55	0.68	0.355	0.515	0.29	0.57	0.66	0.455	0.51	0.375	0.38	0.205	0.4
G2-22	0.635	0.16	0.915	0.93	0.745	0.93	0.635	0.49	0.905	0.82	0.7	0.81	0.995	1.0	1.0	1.0	0.76	0.335	0.025	0.825	0.565	0.05	0.025	0.635	0.885	0.725	0.86	1.0	0.375	0.995	0.995	0.995	0.985	0.905	0.995	0.995	0.995	0.995	0.995	0.995	0.995	0.995	0.54	0.43	0.375	0.995	0.065	0.425	0.505	0.42	0.99	1.0	1.0	1.0	1.0	0.99	0.98	0.0	0.96	0.955	0.955	0.845	0.98	0.01	0.025	0.275	0.63	0.535	0.455	0.51	0.995	0.995	0.995	0.995	0.995	0.995	0.995	0.995	0.995	0.995	0.845	0.925	0.9	0.995	0.895	0.925	0.885	0.995	0.925	0.835	0.695	0.85	0.805	0.53	0.92	0.74	0.79	0.775	0.91	0.865	0.775	0.755	0.765	0.815	0.87	0.82
G2-220	0.51	0.81	0.505	0.96	0.96	0.965	0.75	0.635	0.93	0.34	0.725	0.265	0.395	0.4	0.52	0.465	0.565	0.96	0.96	0.405	0.535	0.96	0.96	0.63	0.265	0.375	0.33	0.495	0.77	0.54	0.555	0.555	0.57	0.79	0.87	0.85	0.835	0.86	0.865	0.875	0.815	0.855	0.6	0.88	0.965	0.5	0.905	0.945	0.96	0.96	0.39	0.4	0.395	0.395	0.395	0.39	0.255	0.96	0.0	0.315	0.195	0.28	0.275	0.965	0.96	0.87	0.805	0.96	0.955	0.945	0.885	0.72	0.785	0.66	0.86	0.83	0.885	0.825	0.77	0.765	0.715	0.535	0.31	0.43	0.3	0.325	0.295	0.765	0.765	0.415	0.435	0.735	0.34	0.53	0.66	0.36	0.495	0.365	0.55	0.64	0.435	0.49	0.36	0.36	0.36	0.38
G2-221	0.505	0.81	0.525	0.945	0.955	0.95	0.74	0.725	0.92	0.31	0.72	0.255	0.43	0.435	0.475	0.435	0.485	0.96	0.96	0.365	0.455	0.96	0.96	0.54	0.25	0.305	0.235	0.455	0.755	0.32	0.505	0.415	0.38	0.615	0.695	0.68	0.66	0.685	0.69	0.7	0.64	0.675	0.585	0.88	0.96	0.515	0.905	0.94	0.96	0.955	0.425	0.435	0.435	0.435	0.435	0.425	0.325	0.955	0.315	0.0	0.38	0.36	0.355	0.96	0.96	0.795	0.63	0.96	0.955	0.94	0.69	0.5	0.6	0.435	0.625	0.59	0.71	0.655	0.595	0.59	0.535	0.355	0.365	0.26	0.35	0.22	0.35	0.515	0.75	0.36	0.385	0.66	0.42	0.505	0.65	0.42	0.435	0.42	0.5	0.63	0.395	0.465	0.405	0.385	0.41	0.38
G2-222	0.515	0.81	0.495	0.945	0.955	0.95	0.74	0.615	0.92	0.385	0.72	0.395	0.585	0.59	0.59	0.59	0.545	0.96	0.96	0.535	0.535	0.96	0.96	0.585	0.41	0.405	0.405	0.59	0.755	0.5	0.515	0.515	0.535	0.765	0.845	0.83	0.81	0.835	0.84	0.85	0.79	0.825	0.585	0.88	0.96	0.465	0.905	0.94	0.96	0.955	0.58	0.59	0.59	0.59	0.59	0.58	0.43	0.955	0.195	0.38	0.0	0.45	0.465	0.96	0.96	0.83	0.78	0.96	0.955	0.94	0.845	0.68	0.75	0.62	0.82	0.79	0.86	0.805	0.745	0.74	0.685	0.505	0.48	0.475	0.47	0.425	0.465	0.725	0.75	0.465	0.535	0.72	0.53	0.51	0.65	0.535	0.535	0.535	0.535	0.63	0.535	0.535	0.53	0.53	0.535	0.535
G2-223	0.4	0.7	0.48	0.925	0.845	0.93	0.635	0.625	0.87	0.235	0.61	0.155	0.275	0.28	0.52	0.465	0.45	0.85	0.85	0.29	0.42	0.85	0.85	0.52	0.205	0.27	0.235	0.5	0.66	0.59	0.745	0.71	0.68	0.79	0.92	0.905	0.885	0.91	0.915	0.925	0.865	0.905	0.485	0.785	0.85	0.745	0.81	0.83	0.85	0.85	0.27	0.28	0.28	0.28	0.28	0.27	0.185	0.845	0.28	0.36	0.45	0.0	0.2	0.85	0.85	0.81	0.745	0.85	0.845	0.83	0.935	0.77	0.84	0.71	0.91	0.88	0.935	0.88	0.82	0.815	0.65	0.55	0.145	0.485	0.175	0.34	0.205	0.815	0.725	0.32	0.325	0.63	0.11	0.415	0.62	0.225	0.385	0.155	0.5	0.54	0.325	0.375	0.24	0.245	0.15	0.265
G2-224	0.54	0.835	0.57	0.98	0.98	0.985	0.785	0.78	0.95	0.425	0.745	0.31	0.24	0.27	0.52	0.465	0.585	0.985	0.985	0.425	0.555	0.985	0.985	0.67	0.265	0.405	0.355	0.5	0.795	0.555	0.72	0.685	0.655	0.82	0.875	0.86	0.84	0.865	0.87	0.88	0.82	0.86	0.62	0.905	0.985	0.72	0.93	0.965	0.985	0.985	0.14	0.245	0.18	0.16	0.165	0.145	0.04	0.98	0.275	0.355	0.465	0.2	0.0	0.985	0.985	0.9	0.835	0.985	0.98	0.965	0.89	0.725	0.795	0.665	0.865	0.835	0.89	0.835	0.775	0.77	0.74	0.56	0.205	0.44	0.235	0.35	0.27	0.77	0.785	0.475	0.46	0.76	0.23	0.56	0.685	0.36	0.52	0.29	0.575	0.66	0.46	0.51	0.375	0.38	0.21	0.4
G2-23	0.635	0.16	0.915	0.93	0.745	0.93	0.63	0.49	0.905	0.825	0.7	0.815	0.995	1.0	1.0	1.0	0.76	0.335	0.025	0.825	0.565	0.05	0.025	0.64	0.89	0.73	0.865	1.0	0.375	1.0	1.0	1.0	0.99	0.91	1.0	1.0	1.0	1.0	1.0	1.0	1.0	1.0	0.545	0.435	0.375	1.0	0.07	0.43	0.505	0.42	0.99	1.0	1.0	1.0	1.0	0.995	0.985	0.01	0.965	0.96	0.96	0.85	0.985	0.0	0.015	0.28	0.625	0.535	0.46	0.515	1.0	1.0	1.0	1.0	1.0	1.0	1.0	1.0	1.0	1.0	0.85	0.93	0.905	1.0	0.9	0.93	0.89	1.0	0.925	0.84	0.69	0.845	0.805	0.53	0.92	0.74	0.79	0.775	0.91	0.865	0.775	0.755	0.765	0.815	0.87	0.82
G2-24	0.63	0.155	0.915	0.93	0.745	0.93	0.63	0.49	0.905	0.825	0.7	0.815	0.995	1.0	1.0	1.0	0.76	0.325	0.015	0.825	0.565	0.04	0.015	0.64	0.885	0.72	0.865	0.995	0.365	1.0	1.0	1.0	0.98	0.9	1.0	0.995	1.0	1.0	1.0	1.0	1.0	1.0	0.545	0.425	0.375	1.0	0.06	0.43	0.495	0.41	0.99	1.0	0.995	0.99	0.995	0.995	0.98	0.025	0.96	0.96	0.96	0.85	0.985	0.015	0.0	0.27	0.615	0.525	0.455	0.515	1.0	1.0	0.995	1.0	1.0	1.0	1.0	0.995	1.0	1.0	0.85	0.93	0.905	0.995	0.9	0.93	0.89	1.0	0.925	0.84	0.685	0.84	0.795	0.53	0.915	0.735	0.78	0.775	0.9	0.865	0.765	0.755	0.765	0.815	0.865	0.82
G2-25	0.625	0.275	0.91	0.92	0.745	0.92	0.63	0.475	0.9	0.735	0.7	0.695	0.995	1.0	1.0	1.0	0.715	0.25	0.255	0.78	0.52	0.255	0.27	0.495	0.73	0.575	0.7	0.995	0.35	0.835	0.86	0.835	0.74	0.71	0.88	0.875	0.88	0.88	0.88	0.88	0.88	0.875	0.525	0.355	0.375	0.87	0.21	0.41	0.47	0.395	0.99	1.0	0.995	0.99	0.995	0.99	0.875	0.275	0.87	0.795	0.83	0.81	0.9	0.28	0.27	0.0	0.51	0.525	0.45	0.5	0.86	0.835	0.86	0.835	0.835	0.835	0.88	0.875	0.88	0.88	0.73	0.81	0.83	0.875	0.81	0.8	0.8	0.835	0.915	0.79	0.645	0.8	0.795	0.51	0.905	0.715	0.715	0.755	0.84	0.86	0.7	0.735	0.735	0.77	0.835	0.775
G2-26	0.55	0.565	0.835	0.91	0.725	0.915	0.555	0.555	0.855	0.71	0.62	0.675	0.93	0.935	0.935	0.935	0.68	0.625	0.63	0.76	0.57	0.63	0.63	0.475	0.71	0.52	0.64	0.93	0.565	0.435	0.435	0.435	0.48	0.34	0.46	0.44	0.435	0.45	0.455	0.465	0.435	0.445	0.545	0.535	0.635	0.435	0.575	0.615	0.63	0.63	0.925	0.935	0.93	0.93	0.93	0.925	0.81	0.63	0.805	0.63	0.78	0.745	0.835	0.625	0.615	0.51	0.0	0.63	0.625	0.615	0.475	0.435	0.43	0.435	0.45	0.435	0.475	0.43	0.435	0.435	0.285	0.365	0.785	0.43	0.77	0.655	0.755	0.435	0.86	0.77	0.605	0.76	0.725	0.57	0.85	0.67	0.72	0.71	0.825	0.8	0.69	0.675	0.7	0.74	0.795	0.755
G2-27	0.56	0.525	0.895	0.865	0.62	0.875	0.565	0.44	0.82	0.805	0.61	0.805	0.95	0.95	0.945	0.945	0.705	0.525	0.525	0.79	0.555	0.525	0.525	0.62	0.885	0.705	0.84	0.94	0.365	1.0	1.0	1.0	0.98	0.89	1.0	0.995	1.0	1.0	1.0	1.0	1.0	1.0	0.395	0.21	0.16	1.0	0.525	0.14	0.11	0.135	0.96	0.945	0.94	0.935	0.96	0.985	0.98	0.535	0.96	0.96	0.96	0.85	0.985	0.535	0.525	0.525	0.63	0.0	0.145	0.105	1.0	1.0	0.995	1.0	1.0	1.0	1.0	0.995	1.0	1.0	0.815	0.89	0.85	0.995	0.845	0.83	0.8	1.0	0.815	0.725	0.62	0.845	0.765	0.465	0.86	0.67	0.725	0.72	0.845	0.81	0.665	0.57	0.655	0.665	0.81	0.655
G2-28	0.56	0.45	0.895	0.865	0.555	0.875	0.5	0.395	0.755	0.8	0.545	0.8	0.95	0.95	0.88	0.88	0.67	0.455	0.455	0.79	0.555	0.455	0.455	0.615	0.88	0.705	0.835	0.875	0.295	0.995	0.995	0.995	0.98	0.89	0.995	0.99	0.995	0.995	0.995	0.995	0.995	0.995	0.39	0.135	0.13	0.995	0.45	0.14	0.13	0.08	0.96	0.92	0.94	0.94	0.96	0.98	0.975	0.455	0.955	0.955	0.955	0.845	0.98	0.46	0.455	0.45	0.625	0.145	0.0	0.065	0.995	0.995	0.99	0.995	0.995	0.995	0.995	0.99	0.995	0.995	0.81	0.885	0.845	0.99	0.84	0.825	0.795	0.995	0.75	0.655	0.62	0.84	0.77	0.455	0.795	0.645	0.665	0.715	0.785	0.745	0.67	0.57	0.645	0.665	0.81	0.645
G2-29	0.56	0.505	0.89	0.86	0.555	0.875	0.5	0.415	0.755	0.785	0.545	0.785	0.945	0.945	0.88	0.88	0.665	0.515	0.515	0.785	0.55	0.515	0.515	0.6	0.87	0.695	0.82	0.88	0.35	0.98	0.98	0.98	0.97	0.88	0.98	0.98	0.98	0.98	0.98	0.98	0.98	0.98	0.38	0.18	0.165	0.98	0.5	0.165	0.125	0.125	0.955	0.915	0.94	0.94	0.96	0.975	0.965	0.51	0.945	0.94	0.94	0.83	0.965	0.515	0.515	0.5	0.615	0.105	0.065	0.0	0.98	0.98	0.98	0.98	0.98	0.98	0.98	0.98	0.98	0.98	0.795	0.87	0.83	0.98	0.825	0.81	0.78	0.98	0.75	0.655	0.62	0.84	0.77	0.45	0.8	0.645	0.67	0.71	0.79	0.745	0.67	0.565	0.64	0.66	0.81	0.64
G2-313	0.97	0.975	0.97	0.985	0.995	0.99	0.97	0.96	0.97	0.91	0.975	0.88	0.975	0.975	0.975	0.975	0.955	1.0	1.0	0.955	0.955	1.0	1.0	0.855	0.845	0.815	0.795	0.975	0.96	0.37	0.33	0.43	0.515	0.245	0.02	0.035	0.05	0.025	0.02	0.02	0.07	0.03	0.955	0.92	1.0	0.385	0.945	0.98	1.0	0.995	0.975	0.975	0.975	0.975	0.975	0.97	0.87	0.995	0.885	0.69	0.845	0.935	0.89	1.0	1.0	0.86	0.475	1.0	0.995	0.98	0.0	0.19	0.1	0.255	0.065	0.1	0.02	0.06	0.115	0.12	0.32	0.425	0.9	0.47	0.89	0.755	0.885	0.25	0.965	0.95	0.955	0.95	0.975	0.955	0.965	0.955	0.955	0.955	0.955	0.97	0.955	0.955	0.955	0.955	0.955	0.955
G2-314	0.805	0.85	0.805	0.985	0.995	0.99	0.81	0.795	0.96	0.72	0.82	0.69	0.82	0.82	0.82	0.82	0.775	1.0	1.0	0.775	0.775	1.0	1.0	0.665	0.66	0.66	0.615	0.82	0.805	0.18	0.175	0.24	0.325	0.19	0.195	0.18	0.16	0.185	0.19	0.2	0.14	0.175	0.8	0.92	1.0	0.23	0.945	0.98	1.0	0.995	0.82	0.82	0.82	0.82	0.82	0.815	0.705	0.995	0.72	0.5	0.68	0.77	0.725	1.0	1.0	0.835	0.435	1.0	0.995	0.98	0.19	0.0	0.1	0.065	0.14	0.11	0.21	0.155	0.095	0.09	0.185	0.27	0.745	0.315	0.73	0.6	0.73	0.105	0.805	0.76	0.775	0.77	0.81	0.79	0.81	0.8	0.775	0.8	0.775	0.815	0.775	0.8	0.785	0.77	0.79	0.775
G2-315	0.87	0.875	0.875	0.985	0.995	0.99	0.875	0.865	0.96	0.82	0.88	0.79	0.88	0.88	0.88	0.88	0.865	0.995	0.995	0.865	0.865	0.995	0.995	0.765	0.75	0.72	0.705	0.875	0.86	0.28	0.24	0.34	0.42	0.185	0.1	0.08	0.065	0.09	0.095	0.105	0.045	0.08	0.86	0.915	1.0	0.29	0.94	0.98	0.995	0.99	0.88	0.88	0.875	0.875	0.875	0.875	0.77	0.995	0.785	0.6	0.75	0.84	0.795	1.0	0.995	0.86	0.43	0.995	0.99	0.98	0.1	0.1	0.0	0.165	0.075	0.05	0.115	0.055	0.02	0.025	0.225	0.33	0.81	0.37	0.8	0.66	0.795	0.16	0.87	0.86	0.86	0.855	0.875	0.865	0.865	0.86	0.86	0.865	0.86	0.875	0.86	0.865	0.865	0.865	0.86	0.865
G2-316	0.745	0.85	0.745	0.985	0.995	0.99	0.81	0.795	0.96	0.655	0.76	0.625	0.76	0.76	0.76	0.76	0.71	1.0	1.0	0.71	0.71	1.0	1.0	0.635	0.595	0.6	0.555	0.76	0.795	0.12	0.175	0.21	0.275	0.22	0.26	0.245	0.225	0.25	0.255	0.265	0.205	0.24	0.74	0.92	1.0	0.23	0.945	0.98	1.0	0.995	0.76	0.76	0.76	0.76	0.76	0.755	0.645	0.995	0.66	0.435	0.62	0.71	0.665	1.0	1.0	0.835	0.435	1.0	0.995	0.98	0.255	0.065	0.165	0.0	0.2	0.17	0.275	0.22	0.16	0.155	0.185	0.21	0.685	0.255	0.67	0.54	0.67	0.105	0.79	0.695	0.71	0.725	0.75	0.73	0.75	0.74	0.71	0.74	0.71	0.755	0.715	0.74	0.725	0.705	0.73	0.71
G2-317	0.945	0.95	0.945	0.985	0.995	0.99	0.945	0.935	0.96	0.845	0.95	0.815	0.95	0.95	0.95	0.95	0.89	1.0	1.0	0.89	0.89	1.0	1.0	0.79	0.78	0.79	0.745	0.95	0.935	0.32	0.305	0.365	0.45	0.22	0.07	0.06	0.06	0.06	0.065	0.075	0.06	0.055	0.93	0.92	1.0	0.36	0.945	0.98	1.0	0.995	0.95	0.95	0.95	0.95	0.95	0.945	0.845	0.995	0.86	0.625	0.82	0.91	0.865	1.0	1.0	0.835	0.45	1.0	0.995	0.98	0.065	0.14	0.075	0.2	0.0	0.035	0.085	0.06	0.09	0.095	0.295	0.4	0.875	0.445	0.86	0.73	0.86	0.185	0.94	0.885	0.895	0.885	0.95	0.93	0.94	0.93	0.89	0.93	0.9	0.945	0.905	0.93	0.92	0.9	0.92	0.89
G2-318	0.915	0.92	0.915	0.985	0.995	0.99	0.915	0.905	0.96	0.81	0.92	0.78	0.92	0.92	0.92	0.92	0.855	1.0	1.0	0.855	0.855	1.0	1.0	0.755	0.745	0.76	0.715	0.92	0.905	0.29	0.275	0.33	0.415	0.19	0.105	0.09	0.07	0.095	0.1	0.11	0.065	0.085	0.9	0.92	1.0	0.33	0.945	0.98	1.0	0.995	0.92	0.92	0.92	0.92	0.92	0.915	0.815	0.995	0.83	0.59	0.79	0.88	0.835	1.0	1.0	0.835	0.435	1.0	0.995	0.98	0.1	0.11	0.05	0.17	0.035	0.0	0.12	0.065	0.065	0.065	0.265	0.37	0.845	0.415	0.83	0.7	0.83	0.15	0.91	0.85	0.865	0.85	0.92	0.9	0.91	0.9	0.86	0.9	0.87	0.915	0.875	0.9	0.89	0.87	0.89	0.86
G2-319	0.975	0.975	0.975	0.995	0.995	1.0	0.975	0.975	0.975	0.93	0.975	0.9	0.975	0.975	0.975	0.975	0.975	1.0	1.0	0.975	0.975	1.0	1.0	0.875	0.865	0.835	0.815	0.975	0.975	0.39	0.35	0.45	0.535	0.245	0.015	0.035	0.05	0.025	0.02	0.01	0.07	0.035	0.965	0.92	1.0	0.395	0.945	0.98	1.0	1.0	0.975	0.975	0.975	0.975	0.975	0.97	0.87	0.995	0.885	0.71	0.86	0.935	0.89	1.0	1.0	0.88	0.475	1.0	0.995	0.98	0.02	0.21	0.115	0.275	0.085	0.12	0.0	0.06	0.115	0.12	0.32	0.425	0.92	0.47	0.91	0.765	0.905	0.27	0.975	0.97	0.975	0.97	0.975	0.975	0.975	0.975	0.975	0.975	0.975	0.975	0.975	0.975	0.975	0.975	0.975	0.975
G2-320	0.915	0.915	0.92	0.995	0.995	1.0	0.92	0.92	0.965	0.875	0.92	0.845	0.92	0.92	0.92	0.92	0.92	0.995	0.995	0.92	0.92	0.995	0.995	0.82	0.805	0.775	0.76	0.915	0.915	0.335	0.295	0.395	0.475	0.185	0.045	0.025	0.01	0.035	0.04	0.05	0.015	0.03	0.91	0.915	1.0	0.34	0.94	0.98	0.995	0.995	0.92	0.92	0.915	0.915	0.915	0.915	0.81	0.995	0.825	0.655	0.805	0.88	0.835	1.0	0.995	0.875	0.43	0.995	0.99	0.98	0.06	0.155	0.055	0.22	0.06	0.065	0.06	0.0	0.06	0.065	0.265	0.37	0.865	0.41	0.855	0.71	0.85	0.215	0.92	0.915	0.915	0.91	0.915	0.92	0.915	0.915	0.915	0.92	0.915	0.92	0.915	0.92	0.92	0.92	0.915	0.92
G2-321	0.86	0.86	0.86	0.995	0.995	1.0	0.86	0.86	0.965	0.815	0.86	0.785	0.86	0.86	0.86	0.86	0.86	1.0	1.0	0.86	0.86	1.0	1.0	0.76	0.75	0.72	0.7	0.86	0.86	0.275	0.235	0.335	0.42	0.19	0.1	0.085	0.065	0.09	0.095	0.105	0.045	0.085	0.85	0.92	1.0	0.28	0.945	0.98	1.0	1.0	0.86	0.86	0.86	0.86	0.86	0.855	0.755	0.995	0.77	0.595	0.745	0.82	0.775	1.0	1.0	0.88	0.435	1.0	0.995	0.98	0.115	0.095	0.02	0.16	0.09	0.065	0.115	0.06	0.0	0.005	0.205	0.31	0.805	0.355	0.795	0.65	0.79	0.155	0.86	0.855	0.86	0.855	0.86	0.86	0.86	0.86	0.86	0.86	0.86	0.86	0.86	0.86	0.86	0.86	0.86	0.86
G2-322	0.855	0.855	0.855	0.995	0.995	1.0	0.855	0.855	0.965	0.81	0.855	0.78	0.855	0.855	0.855	0.855	0.855	1.0	1.0	0.855	0.855	1.0	1.0	0.755	0.745	0.715	0.695	0.855	0.855	0.27	0.23	0.33	0.415	0.19	0.105	0.09	0.07	0.095	0.1	0.11	0.05	0.09	0.845	0.92	1.0	0.275	0.945	0.98	1.0	1.0	0.855	0.855	0.855	0.855	0.855	0.85	0.75	0.995	0.765	0.59	0.74	0.815	0.77	1.0	1.0	0.88	0.435	1.0	0.995	0.98	0.12	0.09	0.025	0.155	0.095	0.065	0.12	0.065	0.005	0.0	0.2	0.305	0.8	0.35	0.79	0.645	0.785	0.15	0.855	0.85	0.855	0.85	0.855	0.855	0.855	0.855	0.855	0.855	0.855	0.855	0.855	0.855	0.855	0.855	0.855	0.855
G2-323	0.665	0.705	0.75	0.905	0.82	0.915	0.68	0.66	0.86	0.645	0.665	0.615	0.835	0.84	0.84	0.84	0.69	0.85	0.85	0.69	0.69	0.85	0.85	0.59	0.62	0.55	0.545	0.84	0.655	0.255	0.215	0.315	0.39	0.175	0.305	0.29	0.27	0.295	0.3	0.31	0.25	0.29	0.645	0.735	0.815	0.26	0.795	0.795	0.815	0.815	0.83	0.84	0.84	0.835	0.84	0.83	0.72	0.845	0.715	0.535	0.685	0.65	0.74	0.85	0.85	0.73	0.285	0.815	0.81	0.795	0.32	0.185	0.225	0.185	0.295	0.265	0.32	0.265	0.205	0.2	0.0	0.185	0.665	0.335	0.645	0.53	0.625	0.2	0.735	0.655	0.68	0.69	0.69	0.68	0.76	0.685	0.69	0.69	0.75	0.705	0.67	0.655	0.675	0.655	0.7	0.655
G2-324	0.565	0.785	0.585	0.905	0.9	0.915	0.745	0.72	0.885	0.545	0.665	0.515	0.655	0.66	0.66	0.66	0.59	0.93	0.93	0.59	0.59	0.93	0.93	0.625	0.48	0.45	0.43	0.66	0.7	0.115	0.28	0.27	0.325	0.3	0.41	0.395	0.375	0.4	0.405	0.415	0.355	0.395	0.54	0.81	0.89	0.28	0.875	0.87	0.89	0.89	0.65	0.66	0.66	0.655	0.66	0.65	0.54	0.925	0.535	0.355	0.505	0.55	0.56	0.93	0.93	0.81	0.365	0.89	0.885	0.87	0.425	0.27	0.33	0.21	0.4	0.37	0.425	0.37	0.31	0.305	0.185	0.0	0.51	0.155	0.495	0.35	0.48	0.305	0.705	0.555	0.58	0.705	0.59	0.58	0.63	0.585	0.59	0.59	0.59	0.605	0.57	0.55	0.575	0.55	0.58	0.55
G2-325	0.435	0.76	0.515	0.865	0.845	0.875	0.71	0.655	0.835	0.35	0.63	0.255	0.27	0.275	0.52	0.465	0.435	0.905	0.905	0.32	0.455	0.905	0.905	0.625	0.2	0.335	0.28	0.5	0.645	0.59	0.755	0.72	0.69	0.775	0.905	0.89	0.87	0.895	0.9	0.91	0.85	0.885	0.475	0.77	0.85	0.765	0.85	0.83	0.85	0.845	0.265	0.275	0.275	0.27	0.275	0.265	0.205	0.9	0.31	0.365	0.48	0.145	0.205	0.905	0.905	0.83	0.785	0.85	0.845	0.83	0.9	0.745	0.81	0.685	0.875	0.845	0.92	0.865	0.805	0.8	0.665	0.51	0.0	0.455	0.045	0.21	0.085	0.73	0.67	0.345	0.33	0.66	0.18	0.47	0.61	0.25	0.42	0.19	0.43	0.57	0.31	0.355	0.235	0.23	0.13	0.245
G2-326	0.575	0.85	0.61	0.995	0.995	1.0	0.825	0.82	0.965	0.48	0.76	0.45	0.525	0.525	0.525	0.525	0.585	0.995	0.995	0.52	0.57	0.995	0.995	0.695	0.41	0.38	0.365	0.52	0.805	0.16	0.325	0.29	0.33	0.41	0.455	0.435	0.42	0.445	0.45	0.46	0.4	0.44	0.635	0.915	1.0	0.325	0.94	0.98	0.995	0.995	0.525	0.525	0.52	0.52	0.52	0.52	0.415	0.995	0.43	0.26	0.475	0.485	0.44	1.0	0.995	0.875	0.43	0.995	0.99	0.98	0.47	0.315	0.37	0.255	0.445	0.415	0.47	0.41	0.355	0.35	0.335	0.155	0.455	0.0	0.445	0.3	0.44	0.335	0.805	0.52	0.52	0.77	0.52	0.6	0.695	0.52	0.53	0.525	0.57	0.67	0.52	0.525	0.525	0.525	0.52	0.525
G2-327	0.43	0.755	0.515	0.87	0.845	0.88	0.705	0.65	0.835	0.34	0.625	0.235	0.31	0.315	0.52	0.465	0.405	0.9	0.9	0.31	0.445	0.9	0.9	0.605	0.18	0.32	0.26	0.5	0.64	0.575	0.745	0.705	0.675	0.765	0.895	0.88	0.86	0.885	0.89	0.9	0.84	0.875	0.47	0.765	0.845	0.755	0.845	0.825	0.845	0.84	0.305	0.315	0.315	0.31	0.315	0.305	0.235	0.895	0.3	0.35	0.47	0.175	0.235	0.9	0.9	0.81	0.77	0.845	0.84	0.825	0.89	0.73	0.8	0.67	0.86	0.83	0.91	0.855	0.795	0.79	0.645	0.495	0.045	0.445	0.0	0.19	0.06	0.705	0.665	0.335	0.32	0.65	0.215	0.465	0.61	0.245	0.41	0.195	0.405	0.565	0.305	0.35	0.23	0.22	0.16	0.235
G2-328	0.46	0.785	0.53	0.855	0.855	0.875	0.735	0.68	0.86	0.385	0.655	0.295	0.445	0.45	0.52	0.465	0.46	0.93	0.93	0.365	0.49	0.93	0.93	0.615	0.26	0.285	0.21	0.5	0.63	0.445	0.61	0.575	0.545	0.64	0.75	0.735	0.715	0.74	0.745	0.755	0.695	0.73	0.46	0.75	0.83	0.61	0.875	0.81	0.83	0.825	0.44	0.45	0.45	0.445	0.45	0.44	0.33	0.925	0.325	0.22	0.425	0.34	0.35	0.93	0.93	0.8	0.655	0.83	0.825	0.81	0.755	0.6	0.66	0.54	0.73	0.7	0.765	0.71	0.65	0.645	0.53	0.35	0.21	0.3	0.19	0.0	0.19	0.575	0.67	0.375	0.365	0.695	0.38	0.505	0.62	0.36	0.455	0.37	0.45	0.595	0.32	0.345	0.315	0.27	0.34	0.28
G2-329	0.42	0.745	0.515	0.87	0.835	0.88	0.695	0.64	0.835	0.335	0.615	0.225	0.35	0.355	0.52	0.465	0.415	0.885	0.89	0.3	0.44	0.89	0.89	0.595	0.17	0.305	0.25	0.5	0.615	0.575	0.74	0.705	0.67	0.76	0.89	0.875	0.855	0.88	0.885	0.895	0.835	0.87	0.43	0.72	0.8	0.75	0.835	0.78	0.8	0.79	0.345	0.355	0.355	0.35	0.355	0.345	0.27	0.885	0.295	0.35	0.465	0.205	0.27	0.89	0.89	0.8	0.755	0.8	0.795	0.78	0.885	0.73	0.795	0.67	0.86	0.83	0.905	0.85	0.79	0.785	0.625	0.48	0.085	0.44	0.06	0.19	0.0	0.71	0.665	0.33	0.315	0.645	0.245	0.455	0.61	0.235	0.405	0.225	0.425	0.555	0.3	0.305	0.225	0.205	0.195	0.21
G2-330	0.85	0.855	0.85	0.985	0.995	0.99	0.85	0.84	0.96	0.72	0.855	0.71	0.855	0.855	0.855	0.855	0.705	1.0	1.0	0.76	0.765	1.0	1.0	0.665	0.655	0.695	0.65	0.855	0.84	0.225	0.21	0.24	0.325	0.215	0.255	0.24	0.22	0.245	0.25	0.26	0.2	0.235	0.835	0.92	1.0	0.265	0.945	0.98	1.0	0.995	0.855	0.855	0.855	0.855	0.855	0.85	0.75	0.995	0.765	0.515	0.725	0.815	0.77	1.0	1.0	0.835	0.435	1.0	0.995	0.98	0.25	0.105	0.16	0.105	0.185	0.15	0.27	0.215	0.155	0.15	0.2	0.305	0.73	0.335	0.705	0.575	0.71	0.0	0.845	0.77	0.8	0.76	0.855	0.835	0.845	0.835	0.795	0.835	0.745	0.845	0.81	0.835	0.825	0.805	0.825	0.795
G2-413	0.65	0.77	0.7	0.865	0.465	0.87	0.345	0.64	0.39	0.695	0.32	0.705	0.755	0.755	0.37	0.61	0.63	0.925	0.925	0.685	0.71	0.925	0.925	0.695	0.715	0.705	0.695	0.425	0.64	0.79	0.815	0.79	0.78	0.835	0.96	0.945	0.925	0.95	0.955	0.965	0.905	0.94	0.635	0.82	0.825	0.815	0.925	0.8	0.765	0.815	0.765	0.725	0.75	0.75	0.77	0.79	0.785	0.925	0.765	0.75	0.75	0.725	0.785	0.925	0.925	0.915	0.86	0.815	0.75	0.75	0.965	0.805	0.87	0.79	0.94	0.91	0.975	0.92	0.86	0.855	0.735	0.705	0.67	0.805	0.665	0.67	0.665	0.845	0.0	0.515	0.65	0.715	0.695	0.64	0.115	0.63	0.51	0.66	0.56	0.205	0.65	0.635	0.61	0.625	0.665	0.6
G2-414	0.315	0.685	0.435	0.86	0.635	0.865	0.46	0.48	0.69	0.19	0.415	0.225	0.47	0.47	0.375	0.375	0.265	0.84	0.84	0.245	0.32	0.84	0.84	0.49	0.32	0.32	0.31	0.375	0.545	0.58	0.74	0.645	0.615	0.815	0.955	0.94	0.92	0.945	0.95	0.96	0.9	0.935	0.38	0.725	0.735	0.75	0.835	0.705	0.675	0.725	0.48	0.44	0.465	0.465	0.485	0.5	0.465	0.835	0.415	0.36	0.465	0.32	0.475	0.84	0.84	0.79	0.77	0.725	0.655	0.655	0.95	0.76	0.86	0.695	0.885	0.85	0.97	0.915	0.855	0.85	0.655	0.555	0.345	0.52	0.335	0.375	0.33	0.77	0.515	0.0	0.235	0.545	0.31	0.31	0.465	0.25	0.17	0.28	0.305	0.39	0.24	0.255	0.215	0.21	0.305	0.175
G2-415	0.175	0.54	0.465	0.845	0.635	0.845	0.445	0.41	0.76	0.255	0.365	0.225	0.43	0.435	0.48	0.435	0.23	0.685	0.69	0.21	0.2	0.69	0.69	0.415	0.305	0.195	0.27	0.455	0.425	0.62	0.81	0.74	0.705	0.815	0.96	0.94	0.925	0.95	0.955	0.965	0.905	0.94	0.255	0.595	0.625	0.82	0.69	0.625	0.62	0.615	0.435	0.435	0.43	0.425	0.435	0.46	0.455	0.695	0.435	0.385	0.535	0.325	0.46	0.69	0.685	0.645	0.605	0.62	0.62	0.62	0.955	0.775	0.86	0.71	0.895	0.865	0.975	0.915	0.86	0.855	0.68	0.58	0.33	0.52	0.32	0.365	0.315	0.8	0.65	0.235	0.0	0.555	0.235	0.22	0.565	0.14	0.225	0.19	0.39	0.495	0.11	0.165	0.14	0.165	0.255	0.17
G2-416	0.61	0.7	0.675	0.9	0.835	0.905	0.655	0.645	0.85	0.485	0.62	0.555	0.77	0.775	0.775	0.775	0.525	0.845	0.85	0.43	0.505	0.85	0.85	0.41	0.535	0.6	0.59	0.77	0.64	0.73	0.805	0.67	0.665	0.815	0.955	0.935	0.92	0.945	0.95	0.96	0.9	0.935	0.605	0.805	0.85	0.815	0.845	0.845	0.845	0.84	0.765	0.775	0.77	0.77	0.77	0.765	0.755	0.85	0.735	0.66	0.72	0.63	0.76	0.845	0.84	0.8	0.76	0.845	0.84	0.84	0.95	0.77	0.855	0.725	0.885	0.85	0.97	0.91	0.855	0.85	0.69	0.705	0.66	0.77	0.65	0.695	0.645	0.76	0.715	0.545	0.555	0.0	0.615	0.61	0.68	0.605	0.565	0.61	0.62	0.635	0.57	0.6	0.6	0.57	0.61	0.57
G3-417	0.325	0.645	0.48	0.91	0.76	0.91	0.57	0.565	0.83	0.29	0.525	0.21	0.23	0.24	0.49	0.435	0.365	0.79	0.795	0.235	0.365	0.795	0.795	0.56	0.25	0.285	0.3	0.465	0.575	0.645	0.81	0.775	0.735	0.81	0.96	0.94	0.925	0.95	0.955	0.965	0.905	0.945	0.41	0.735	0.775	0.81	0.795	0.775	0.765	0.765	0.225	0.235	0.23	0.225	0.23	0.25	0.225	0.805	0.34	0.42	0.53	0.11	0.23	0.805	0.795	0.795	0.725	0.765	0.77	0.77	0.975	0.81	0.875	0.75	0.95	0.92	0.975	0.915	0.86	0.855	0.69	0.59	0.18	0.52	0.215	0.38	0.245	0.855	0.695	0.31	0.235	0.615	0.0	0.355	0.585	0.145	0.3	0.08	0.45	0.51	0.235	0.29	0.165	0.17	0.105	0.205
G3-418	0.16	0.375	0.465	0.895	0.665	0.895	0.345	0.25	0.79	0.35	0.385	0.35	0.55	0.55	0.54	0.54	0.28	0.53	0.53	0.37	0.135	0.53	0.53	0.36	0.465	0.295	0.42	0.54	0.28	0.61	0.775	0.74	0.71	0.82	0.96	0.945	0.925	0.95	0.955	0.965	0.905	0.94	0.135	0.465	0.47	0.785	0.53	0.455	0.455	0.46	0.56	0.54	0.545	0.545	0.565	0.585	0.55	0.53	0.53	0.505	0.51	0.415	0.56	0.53	0.53	0.51	0.57	0.465	0.455	0.45	0.955	0.79	0.865	0.73	0.93	0.9	0.975	0.92	0.86	0.855	0.68	0.58	0.47	0.6	0.465	0.505	0.455	0.835	0.64	0.31	0.22	0.61	0.355	0.0	0.55	0.25	0.31	0.295	0.43	0.475	0.315	0.29	0.265	0.34	0.41	0.325
G3-419	0.585	0.765	0.6	0.91	0.51	0.91	0.36	0.695	0.415	0.59	0.305	0.6	0.65	0.65	0.265	0.505	0.52	0.915	0.915	0.575	0.6	0.915	0.915	0.685	0.605	0.59	0.59	0.315	0.685	0.69	0.82	0.785	0.75	0.825	0.96	0.94	0.925	0.95	0.955	0.965	0.905	0.94	0.58	0.865	0.875	0.82	0.915	0.85	0.81	0.86	0.66	0.62	0.64	0.645	0.66	0.685	0.68	0.92	0.66	0.65	0.65	0.62	0.685	0.92	0.915	0.905	0.85	0.86	0.795	0.8	0.965	0.81	0.865	0.75	0.94	0.91	0.975	0.915	0.86	0.855	0.76	0.63	0.61	0.695	0.61	0.62	0.61	0.845	0.115	0.465	0.565	0.68	0.585	0.55	0.0	0.525	0.395	0.55	0.445	0.095	0.58	0.58	0.545	0.575	0.58	0.545
G3-420	0.275	0.585	0.5	0.9	0.65	0.9	0.47	0.5	0.775	0.295	0.41	0.21	0.325	0.325	0.44	0.385	0.26	0.735	0.735	0.21	0.28	0.735	0.735	0.495	0.24	0.205	0.275	0.415	0.49	0.645	0.81	0.775	0.74	0.815	0.96	0.94	0.925	0.95	0.955	0.965	0.905	0.94	0.335	0.675	0.685	0.82	0.735	0.66	0.645	0.67	0.335	0.295	0.315	0.315	0.335	0.36	0.355	0.74	0.36	0.42	0.535	0.225	0.36	0.74	0.735	0.715	0.67	0.67	0.645	0.645	0.955	0.8	0.86	0.74	0.93	0.9	0.975	0.915	0.86	0.855	0.685	0.585	0.25	0.52	0.245	0.36	0.235	0.835	0.63	0.25	0.14	0.605	0.145	0.25	0.525	0.0	0.22	0.07	0.395	0.455	0.19	0.22	0.065	0.15	0.185	0.14
G3-421	0.335	0.635	0.505	0.91	0.575	0.91	0.4	0.56	0.655	0.28	0.34	0.28	0.485	0.485	0.325	0.34	0.24	0.76	0.765	0.265	0.29	0.77	0.78	0.505	0.36	0.275	0.335	0.32	0.545	0.62	0.81	0.735	0.675	0.79	0.96	0.94	0.925	0.95	0.955	0.965	0.905	0.94	0.395	0.715	0.745	0.82	0.775	0.72	0.655	0.715	0.495	0.455	0.475	0.475	0.495	0.52	0.515	0.79	0.495	0.435	0.535	0.385	0.52	0.79	0.78	0.715	0.72	0.725	0.665	0.67	0.955	0.775	0.86	0.71	0.89	0.86	0.975	0.915	0.86	0.855	0.69	0.59	0.42	0.53	0.41	0.455	0.405	0.795	0.51	0.17	0.225	0.565	0.3	0.31	0.395	0.22	0.0	0.245	0.265	0.325	0.225	0.275	0.23	0.265	0.345	0.23
G3-422	0.325	0.625	0.505	0.91	0.71	0.91	0.535	0.545	0.805	0.295	0.475	0.21	0.255	0.255	0.46	0.405	0.295	0.775	0.775	0.21	0.315	0.775	0.775	0.53	0.24	0.245	0.28	0.44	0.54	0.645	0.81	0.775	0.745	0.82	0.96	0.945	0.925	0.95	0.955	0.965	0.905	0.94	0.38	0.725	0.73	0.82	0.775	0.715	0.715	0.72	0.265	0.245	0.25	0.255	0.27	0.29	0.29	0.775	0.365	0.42	0.535	0.155	0.29	0.775	0.775	0.755	0.71	0.72	0.715	0.71	0.955	0.8	0.865	0.74	0.93	0.9	0.975	0.92	0.86	0.855	0.69	0.59	0.19	0.525	0.195	0.37	0.225	0.835	0.66	0.28	0.19	0.61	0.08	0.295	0.55	0.07	0.245	0.0	0.42	0.475	0.205	0.25	0.09	0.16	0.13	0.155
G3-423	0.45	0.755	0.49	0.895	0.73	0.895	0.56	0.665	0.695	0.425	0.495	0.44	0.54	0.54	0.43	0.43	0.255	0.88	0.885	0.41	0.44	0.89	0.9	0.635	0.445	0.45	0.435	0.425	0.665	0.62	0.81	0.745	0.69	0.795	0.96	0.94	0.925	0.95	0.955	0.965	0.905	0.94	0.5	0.82	0.865	0.82	0.895	0.84	0.78	0.835	0.55	0.51	0.53	0.53	0.55	0.575	0.57	0.91	0.55	0.5	0.535	0.5	0.575	0.91	0.9	0.84	0.825	0.845	0.785	0.79	0.955	0.775	0.86	0.71	0.9	0.87	0.975	0.915	0.86	0.855	0.75	0.59	0.43	0.57	0.405	0.45	0.425	0.745	0.56	0.305	0.39	0.62	0.45	0.43	0.445	0.395	0.265	0.42	0.0	0.405	0.39	0.435	0.405	0.405	0.44	0.385
G3-424	0.51	0.715	0.57	0.915	0.455	0.915	0.305	0.645	0.4	0.515	0.25	0.525	0.625	0.625	0.24	0.48	0.43	0.865	0.865	0.495	0.525	0.865	0.865	0.635	0.56	0.52	0.515	0.295	0.64	0.67	0.825	0.79	0.76	0.82	0.96	0.945	0.925	0.95	0.955	0.965	0.905	0.94	0.505	0.815	0.82	0.825	0.865	0.795	0.76	0.81	0.635	0.595	0.62	0.625	0.64	0.66	0.66	0.865	0.64	0.63	0.63	0.54	0.66	0.865	0.865	0.86	0.8	0.81	0.745	0.745	0.97	0.815	0.875	0.755	0.945	0.915	0.975	0.92	0.86	0.855	0.705	0.605	0.57	0.67	0.565	0.595	0.555	0.845	0.205	0.39	0.495	0.635	0.51	0.475	0.095	0.455	0.325	0.475	0.405	0.0	0.51	0.505	0.47	0.5	0.515	0.47
G3-425	0.205	0.62	0.425	0.775	0.605	0.79	0.545	0.48	0.735	0.265	0.435	0.235	0.445	0.45	0.495	0.45	0.235	0.74	0.75	0.23	0.29	0.755	0.765	0.505	0.315	0.23	0.27	0.47	0.46	0.62	0.81	0.75	0.69	0.79	0.96	0.94	0.925	0.95	0.955	0.965	0.905	0.94	0.295	0.61	0.675	0.82	0.76	0.675	0.645	0.65	0.44	0.45	0.445	0.435	0.445	0.46	0.455	0.775	0.435	0.395	0.535	0.325	0.46	0.775	0.765	0.7	0.69	0.665	0.67	0.67	0.955	0.775	0.86	0.715	0.905	0.875	0.975	0.915	0.86	0.855	0.67	0.57	0.31	0.52	0.305	0.32	0.3	0.81	0.65	0.24	0.11	0.57	0.235	0.315	0.58	0.19	0.225	0.205	0.39	0.51	0.0	0.105	0.14	0.135	0.255	0.15
G3-426	0.185	0.605	0.425	0.775	0.575	0.79	0.52	0.445	0.73	0.305	0.405	0.31	0.49	0.495	0.495	0.495	0.24	0.75	0.755	0.3	0.295	0.755	0.755	0.51	0.395	0.245	0.345	0.495	0.405	0.645	0.81	0.775	0.745	0.82	0.96	0.945	0.925	0.95	0.955	0.965	0.905	0.94	0.225	0.535	0.57	0.82	0.755	0.57	0.57	0.565	0.485	0.495	0.495	0.49	0.495	0.51	0.51	0.755	0.49	0.465	0.535	0.375	0.51	0.755	0.755	0.735	0.675	0.57	0.57	0.565	0.955	0.8	0.865	0.74	0.93	0.9	0.975	0.92	0.86	0.855	0.655	0.55	0.355	0.525	0.35	0.345	0.305	0.835	0.635	0.255	0.165	0.6	0.29	0.29	0.58	0.22	0.275	0.25	0.435	0.505	0.105	0.0	0.185	0.17	0.32	0.185
G3-427	0.275	0.61	0.495	0.855	0.64	0.865	0.5	0.485	0.77	0.28	0.435	0.195	0.345	0.345	0.455	0.4	0.27	0.76	0.765	0.2	0.295	0.765	0.765	0.505	0.25	0.235	0.265	0.435	0.475	0.63	0.805	0.76	0.73	0.82	0.96	0.945	0.925	0.95	0.955	0.965	0.905	0.94	0.315	0.66	0.665	0.815	0.765	0.645	0.645	0.655	0.355	0.33	0.34	0.34	0.36	0.38	0.375	0.765	0.36	0.405	0.53	0.24	0.375	0.765	0.765	0.735	0.7	0.655	0.645	0.64	0.955	0.785	0.865	0.725	0.92	0.89	0.975	0.92	0.86	0.855	0.675	0.575	0.235	0.525	0.23	0.315	0.225	0.825	0.61	0.215	0.14	0.6	0.165	0.265	0.545	0.065	0.23	0.09	0.405	0.47	0.14	0.185	0.0	0.09	0.18	0.085
G3-428	0.305	0.66	0.485	0.84	0.695	0.855	0.57	0.51	0.79	0.255	0.495	0.175	0.36	0.365	0.485	0.43	0.32	0.81	0.815	0.18	0.325	0.815	0.815	0.535	0.235	0.285	0.25	0.465	0.465	0.615	0.805	0.74	0.71	0.82	0.96	0.945	0.925	0.95	0.955	0.965	0.905	0.94	0.305	0.64	0.665	0.815	0.815	0.665	0.665	0.66	0.36	0.365	0.365	0.36	0.365	0.385	0.38	0.815	0.36	0.385	0.53	0.245	0.38	0.815	0.815	0.77	0.74	0.665	0.665	0.66	0.955	0.77	0.865	0.705	0.9	0.87	0.975	0.92	0.86	0.855	0.655	0.55	0.23	0.525	0.22	0.27	0.205	0.805	0.625	0.21	0.165	0.57	0.17	0.34	0.575	0.15	0.265	0.16	0.405	0.5	0.135	0.17	0.09	0.0	0.185	0.05
G3-429	0.385	0.715	0.5	0.88	0.81	0.88	0.65	0.62	0.81	0.33	0.585	0.255	0.215	0.245	0.495	0.44	0.415	0.865	0.865	0.255	0.4	0.865	0.865	0.615	0.225	0.335	0.27	0.47	0.605	0.635	0.81	0.765	0.73	0.815	0.96	0.94	0.925	0.95	0.955	0.965	0.905	0.94	0.45	0.785	0.815	0.82	0.865	0.815	0.81	0.805	0.19	0.22	0.195	0.19	0.195	0.21	0.205	0.87	0.36	0.41	0.535	0.15	0.21	0.87	0.865	0.835	0.795	0.81	0.81	0.81	0.955	0.79	0.86	0.73	0.92	0.89	0.975	0.915	0.86	0.855	0.7	0.58	0.13	0.52	0.16	0.34	0.195	0.825	0.665	0.305	0.255	0.61	0.105	0.41	0.58	0.185	0.345	0.13	0.44	0.515	0.255	0.32	0.18	0.185	0.0	0.2
G3-430	0.325	0.67	0.5	0.85	0.68	0.865	0.56	0.53	0.77	0.255	0.48	0.175	0.365	0.365	0.455	0.4	0.295	0.82	0.82	0.17	0.32	0.82	0.82	0.535	0.245	0.29	0.25	0.435	0.48	0.62	0.81	0.735	0.705	0.82	0.96	0.945	0.925	0.95	0.955	0.965	0.905	0.94	0.315	0.66	0.665	0.82	0.82	0.645	0.645	0.655	0.375	0.35	0.36	0.36	0.38	0.4	0.4	0.82	0.38	0.38	0.535	0.265	0.4	0.82	0.82	0.775	0.755	0.655	0.645	0.64	0.955	0.775	0.865	0.71	0.89	0.86	0.975	0.92	0.86	0.855	0.655	0.55	0.245	0.525	0.235	0.28	0.21	0.795	0.6	0.175	0.17	0.57	0.205	0.325	0.545	0.14	0.23	0.155	0.385	0.47	0.15	0.185	0.085	0.05	0.2	0.0
