	G1-11	G1-12	G1-13	G1-130	G1-131	G1-132	G1-135	G1-136	G1-138	G1-139	G1-14	G1-140	G1-141	G1-142	G1-143	G1-144	G1-15	G1-177	G1-178	G1-180	G1-182	G1-187	G1-188	G1-189	G1-190	G1-192	G1-193	G2-1100	G2-1101	G2-1102	G2-1103	G2-1105	G2-1106	G2-1107	G2-1108	G2-1109	G2-1110	G2-1111	G2-1113	G2-194	G2-198	G2-199	G2-21	G2-210	G2-211	G2-212	G2-213	G2-214	G2-215	G2-216	G2-217	G2-218	G2-219	G2-22	G2-220	G2-221	G2-222	G2-223	G2-224	G2-23	G2-24	G2-26	G2-27	G2-28	G2-29	G2-313	G2-314	G2-315	G2-316	G2-317	G2-318	G2-319	G2-320	G2-321	G2-322	G2-323	G2-324	G2-325	G2-326	G2-327	G2-328	G2-329	G2-330	G2-413	G2-414	G2-415	G2-416	G3-418	G3-419	G3-420	G3-422	G3-423	G3-424	G3-425	G3-426	G3-427	G3-428	G3-429	G3-430
G1-11	0.0	0.5	0.3355	0.733	0.566	0.7485	0.6985	0.2995	0.698	0.384	0.4325	0.369	0.5635	0.5705	0.5685	0.57	0.383	0.3775	0.233	0.646	0.6485	0.3945	0.485	0.2615	0.377	0.5665	0.377	0.586	0.7605	0.6675	0.686	0.9475	0.937	0.914	0.945	0.9515	0.9625	0.9365	0.945	0.174	0.5735	0.7675	0.651	0.569	0.56	0.5615	0.5755	0.569	0.5675	0.567	0.577	0.59	0.5435	0.6535	0.516	0.4865	0.5095	0.4025	0.5705	0.653	0.743	0.942	0.5695	0.5695	0.5665	0.9445	0.7725	0.8995	0.7305	0.946	0.9055	0.951	0.892	0.873	0.8805	0.702	0.499	0.4765	0.608	0.4865	0.4925	0.437	0.849	0.627	0.3255	0.543	0.853	0.208	0.5275	0.2595	0.2825	0.403	0.4915	0.232	0.1965	0.262	0.3055	0.421	0.299
G1-12	0.5	0.0	0.767	0.882	0.7505	0.9025	0.7615	0.3475	0.873	0.7055	0.652	0.6855	0.85	0.858	0.856	0.8575	0.6545	0.6535	0.492	0.1475	0.1495	0.498	0.7505	0.5295	0.654	0.8545	0.267	0.858	0.8565	0.858	0.833	0.9475	0.9375	0.914	0.945	0.9525	0.9625	0.9365	0.945	0.4725	0.4075	0.856	0.3245	0.417	0.4695	0.432	0.85	0.8565	0.855	0.856	0.8555	0.8545	0.84	0.5025	0.832	0.793	0.8255	0.6785	0.844	0.439	0.744	0.943	0.522	0.475	0.475	0.951	0.858	0.9045	0.8585	0.9525	0.912	0.951	0.892	0.8735	0.8805	0.741	0.7665	0.784	0.8665	0.794	0.7975	0.7445	0.864	0.768	0.7155	0.692	0.8685	0.533	0.711	0.5665	0.5765	0.6975	0.7195	0.632	0.5815	0.6	0.6455	0.742	0.6365
G1-13	0.3355	0.767	0.0	0.5335	0.5805	0.5125	0.703	0.532	0.469	0.434	0.518	0.44	0.568	0.576	0.5755	0.5755	0.4355	0.474	0.4795	0.909	0.9155	0.6765	0.4875	0.487	0.4835	0.575	0.68	0.5845	0.768	0.6735	0.6915	0.9495	0.9395	0.914	0.945	0.9515	0.9625	0.9375	0.9455	0.4685	0.8985	0.7735	0.8325	0.8935	0.888	0.8885	0.568	0.576	0.576	0.5745	0.576	0.573	0.5285	0.8325	0.507	0.47	0.5	0.4855	0.554	0.832	0.8325	0.857	0.8105	0.8975	0.8945	0.9465	0.771	0.9005	0.729	0.9455	0.9045	0.952	0.8925	0.8735	0.8805	0.761	0.528	0.409	0.583	0.419	0.423	0.408	0.762	0.688	0.4165	0.54	0.767	0.3845	0.611	0.477	0.4845	0.4715	0.4955	0.4125	0.4205	0.4725	0.4735	0.4715	0.472
G1-130	0.733	0.882	0.5335	0.0	0.5425	0.0295	0.8445	0.766	0.5235	0.883	0.7765	0.884	0.9795	0.9875	0.987	0.987	0.815	0.8745	0.8785	0.889	0.8955	0.8825	0.887	0.884	0.88	0.9865	0.8365	0.9925	0.993	0.9925	0.9665	0.995	0.9945	0.9945	0.9945	0.9925	0.9955	0.9955	0.9945	0.83	0.848	0.991	0.8705	0.843	0.8435	0.8405	0.9795	0.9875	0.9875	0.986	0.9875	0.984	0.9775	0.8705	0.9695	0.9305	0.963	0.894	0.98	0.87	0.8705	0.9165	0.818	0.847	0.844	0.9865	0.9925	0.991	0.993	0.9925	0.9925	0.9955	0.9955	0.995	0.9955	0.8635	0.8785	0.843	0.9875	0.8515	0.8605	0.8205	0.9645	0.86	0.833	0.8325	0.904	0.844	0.881	0.869	0.8835	0.8705	0.8555	0.774	0.783	0.84	0.8355	0.85	0.836
G1-131	0.566	0.7505	0.5805	0.5425	0.0	0.5585	0.6265	0.5925	0.1775	0.8345	0.3085	0.819	0.9505	0.929	0.605	0.8105	0.6535	0.7635	0.736	0.758	0.7645	0.7315	0.8845	0.747	0.7715	0.594	0.6955	0.9915	0.992	0.9915	0.9655	0.995	0.9945	0.9945	0.9945	0.9925	0.9955	0.9955	0.9945	0.675	0.672	0.99	0.73	0.657	0.6015	0.65	0.963	0.892	0.95	0.954	0.966	0.9775	0.9775	0.73	0.9685	0.9295	0.962	0.816	0.98	0.7295	0.73	0.907	0.6365	0.579	0.6045	0.9855	0.9915	0.99	0.992	0.9915	0.9915	0.9955	0.9955	0.995	0.9955	0.8435	0.8785	0.8245	0.9875	0.8365	0.8475	0.785	0.954	0.461	0.693	0.754	0.8935	0.654	0.449	0.671	0.6995	0.686	0.418	0.6175	0.6215	0.656	0.6725	0.8115	0.6755
G1-132	0.7485	0.9025	0.5125	0.0295	0.5585	0.0	0.8465	0.767	0.5065	0.8975	0.7855	0.899	0.9825	0.991	0.9895	0.9905	0.8145	0.8905	0.8945	0.9075	0.914	0.897	0.9	0.9	0.896	0.989	0.858	0.9865	0.986	0.986	0.9595	0.9955	0.995	0.996	0.996	0.9935	0.997	0.996	0.9955	0.8515	0.875	0.9845	0.872	0.869	0.871	0.864	0.982	0.99	0.99	0.9885	0.99	0.9865	0.9765	0.8725	0.9625	0.9235	0.956	0.9125	0.979	0.872	0.872	0.9005	0.827	0.873	0.871	0.9805	0.9865	0.986	0.987	0.987	0.9875	0.996	0.9965	0.996	0.997	0.89	0.8985	0.8255	0.989	0.8355	0.839	0.824	0.943	0.862	0.853	0.83	0.8815	0.842	0.897	0.885	0.8995	0.8865	0.855	0.7955	0.8035	0.8575	0.8565	0.866	0.8565
G1-135	0.6985	0.7615	0.703	0.8445	0.6265	0.8465	0.0	0.6135	0.64	0.739	0.491	0.74	0.8825	0.8615	0.758	0.7585	0.426	0.7455	0.7515	0.842	0.8485	0.7215	0.808	0.7625	0.757	0.7575	0.757	0.8965	0.8965	0.896	0.87	0.949	0.939	0.927	0.945	0.951	0.9625	0.937	0.945	0.74	0.8025	0.8945	0.553	0.787	0.7255	0.779	0.895	0.824	0.882	0.886	0.898	0.9095	0.883	0.35	0.873	0.834	0.8665	0.7555	0.8905	0.4135	0.2845	0.3755	0.6925	0.709	0.7345	0.95	0.898	0.9205	0.9	0.9505	0.9225	0.9515	0.9275	0.927	0.928	0.797	0.823	0.63	0.92	0.694	0.577	0.6585	0.807	0.6635	0.6435	0.214	0.297	0.5045	0.6115	0.6955	0.715	0.6235	0.546	0.7225	0.7315	0.7135	0.7075	0.765	0.7175
G1-136	0.2995	0.3475	0.532	0.766	0.5925	0.767	0.6135	0.0	0.6925	0.5945	0.4355	0.599	0.792	0.7975	0.796	0.797	0.467	0.601	0.447	0.4895	0.496	0.3945	0.717	0.4955	0.611	0.7955	0.286	0.784	0.722	0.722	0.707	0.9485	0.9385	0.914	0.945	0.951	0.9625	0.9365	0.945	0.387	0.4295	0.7205	0.4155	0.4235	0.418	0.4185	0.804	0.7965	0.7965	0.795	0.807	0.8185	0.774	0.4185	0.6985	0.7205	0.692	0.633	0.7995	0.4155	0.6605	0.859	0.376	0.4275	0.4245	0.949	0.807	0.902	0.809	0.9495	0.909	0.951	0.892	0.873	0.8805	0.706	0.7205	0.6375	0.8295	0.6475	0.651	0.598	0.7695	0.674	0.516	0.5455	0.7735	0.352	0.649	0.489	0.514	0.624	0.5825	0.4815	0.441	0.5065	0.5485	0.651	0.5385
G1-138	0.698	0.873	0.469	0.5235	0.1775	0.5065	0.64	0.6925	0.0	0.865	0.381	0.871	0.914	0.8925	0.5685	0.774	0.7165	0.8505	0.856	0.917	0.9235	0.8515	0.875	0.867	0.858	0.5525	0.834	0.9525	0.953	0.9525	0.9265	0.9585	0.958	0.958	0.958	0.956	0.9625	0.959	0.958	0.8135	0.8495	0.951	0.8655	0.8345	0.773	0.826	0.9265	0.8555	0.9135	0.9175	0.9295	0.941	0.941	0.8655	0.9295	0.8905	0.923	0.8855	0.9435	0.865	0.8655	0.882	0.7905	0.7565	0.782	0.9495	0.9525	0.951	0.953	0.9525	0.9525	0.959	0.959	0.9585	0.959	0.863	0.869	0.7875	0.951	0.7905	0.7945	0.7875	0.8915	0.3905	0.7325	0.7765	0.831	0.7505	0.4185	0.791	0.8195	0.728	0.3835	0.7425	0.76	0.794	0.785	0.808	0.797
G1-139	0.384	0.7055	0.434	0.883	0.8345	0.8975	0.739	0.5945	0.865	0.0	0.587	0.0505	0.3795	0.389	0.4555	0.457	0.468	0.16	0.3175	0.853	0.854	0.455	0.124	0.3035	0.249	0.475	0.616	0.512	0.6565	0.507	0.542	0.9035	0.894	0.869	0.9	0.9075	0.9175	0.8915	0.9	0.378	0.8435	0.6875	0.8385	0.834	0.832	0.8365	0.3795	0.3865	0.388	0.387	0.3855	0.386	0.2905	0.8565	0.2435	0.28	0.3825	0.176	0.3215	0.8555	0.8565	0.898	0.8395	0.839	0.82	0.901	0.6725	0.8545	0.6365	0.8235	0.7925	0.906	0.847	0.8285	0.8355	0.6815	0.47	0.306	0.4525	0.274	0.4615	0.287	0.745	0.6885	0.18	0.5725	0.7665	0.4185	0.554	0.232	0.2325	0.3605	0.507	0.279	0.3275	0.2125	0.2135	0.2525	0.216
G1-14	0.4325	0.652	0.518	0.7765	0.3085	0.7855	0.491	0.4355	0.381	0.587	0.0	0.5715	0.712	0.6905	0.385	0.572	0.3605	0.528	0.5335	0.794	0.8005	0.598	0.6395	0.5455	0.5365	0.3845	0.5375	0.744	0.8165	0.744	0.74	0.9495	0.9395	0.914	0.945	0.9515	0.9625	0.9375	0.9455	0.4825	0.717	0.822	0.707	0.702	0.6405	0.696	0.7245	0.6535	0.7115	0.7155	0.7275	0.739	0.729	0.707	0.721	0.682	0.7145	0.5675	0.7315	0.7065	0.707	0.8465	0.6225	0.624	0.6495	0.9525	0.7935	0.9055	0.75	0.953	0.912	0.952	0.8925	0.8735	0.8805	0.6985	0.64	0.536	0.748	0.546	0.553	0.4965	0.758	0.3025	0.4545	0.4555	0.764	0.3835	0.2405	0.4695	0.498	0.4475	0.174	0.4375	0.4465	0.46	0.4535	0.574	0.464
G1-140	0.369	0.6855	0.44	0.884	0.819	0.899	0.74	0.599	0.871	0.0505	0.5715	0.0	0.381	0.3895	0.459	0.4595	0.4525	0.1685	0.326	0.833	0.833	0.439	0.132	0.262	0.208	0.478	0.5975	0.498	0.6625	0.5355	0.557	0.89	0.8805	0.855	0.886	0.8935	0.9035	0.878	0.886	0.363	0.827	0.693	0.8175	0.818	0.816	0.8215	0.3805	0.3875	0.389	0.388	0.3865	0.387	0.275	0.835	0.2475	0.264	0.3885	0.1395	0.306	0.834	0.8355	0.8845	0.8235	0.823	0.804	0.8875	0.6585	0.841	0.6225	0.8165	0.7785	0.8925	0.833	0.8145	0.8215	0.668	0.456	0.305	0.4385	0.265	0.4475	0.273	0.731	0.6935	0.2055	0.5635	0.7925	0.402	0.5605	0.214	0.2145	0.3555	0.512	0.264	0.3125	0.1975	0.1985	0.257	0.1985
G1-141	0.5635	0.85	0.568	0.9795	0.9505	0.9825	0.8825	0.792	0.914	0.3795	0.712	0.381	0.0	0.0995	0.354	0.259	0.625	0.3955	0.5545	0.989	0.9915	0.7995	0.361	0.5205	0.48	0.376	0.773	0.64	0.826	0.7315	0.77	0.9465	0.937	0.912	0.943	0.9505	0.96	0.9345	0.9425	0.528	0.9575	0.8315	0.991	0.954	0.9465	0.9545	0.091	0.0675	0.0935	0.0685	0.087	0.08	0.216	0.993	0.3805	0.4525	0.5565	0.2925	0.2165	0.992	0.9935	0.9845	0.955	0.954	0.9505	0.953	0.8035	0.9055	0.76	0.9525	0.9115	0.949	0.8895	0.8705	0.878	0.8415	0.6065	0.4395	0.4945	0.395	0.582	0.463	0.8555	0.7615	0.4165	0.728	0.9085	0.566	0.6745	0.351	0.3115	0.504	0.6295	0.4135	0.4695	0.363	0.381	0.1795	0.3575
G1-142	0.5705	0.858	0.576	0.9875	0.929	0.991	0.8615	0.7975	0.8925	0.389	0.6905	0.3895	0.0995	0.0	0.3255	0.16	0.609	0.402	0.561	0.998	0.998	0.808	0.3695	0.529	0.4885	0.348	0.781	0.643	0.829	0.735	0.779	0.95	0.94	0.915	0.946	0.9545	0.9625	0.9375	0.9465	0.5385	0.9535	0.8365	1.0	0.9435	0.923	0.94	0.1875	0.0925	0.1735	0.155	0.178	0.171	0.3125	1.0	0.389	0.461	0.565	0.3125	0.313	0.9995	1.0	0.994	0.9575	0.9335	0.9295	0.961	0.8065	0.9105	0.7625	0.956	0.915	0.952	0.8925	0.874	0.8805	0.8505	0.615	0.448	0.4975	0.4035	0.591	0.4715	0.8585	0.738	0.396	0.737	0.918	0.553	0.6535	0.328	0.295	0.482	0.609	0.4195	0.478	0.3565	0.368	0.275	0.3555
G1-143	0.5685	0.856	0.5755	0.987	0.605	0.9895	0.758	0.796	0.5685	0.4555	0.385	0.459	0.354	0.3255	0.0	0.208	0.608	0.451	0.5595	0.996	0.9965	0.807	0.467	0.5275	0.487	0.023	0.779	0.643	0.8275	0.7345	0.7775	0.9485	0.9385	0.915	0.946	0.954	0.9625	0.9365	0.946	0.5365	0.9535	0.836	0.9985	0.942	0.8755	0.938	0.366	0.287	0.345	0.3505	0.361	0.376	0.4705	0.9995	0.47	0.4595	0.5635	0.4705	0.471	0.999	0.9985	0.993	0.956	0.86	0.8845	0.9595	0.8065	0.9095	0.7625	0.955	0.9145	0.951	0.892	0.8735	0.8805	0.849	0.615	0.4725	0.4975	0.4725	0.5905	0.4725	0.8585	0.4145	0.3625	0.735	0.9165	0.5525	0.328	0.397	0.411	0.408	0.285	0.431	0.476	0.419	0.412	0.4325	0.4245
G1-144	0.57	0.8575	0.5755	0.987	0.8105	0.9905	0.7585	0.797	0.774	0.457	0.572	0.4595	0.259	0.16	0.208	0.0	0.6085	0.4525	0.5605	0.9975	0.9975	0.8075	0.4675	0.5285	0.488	0.2295	0.7805	0.6425	0.829	0.735	0.7785	0.9495	0.94	0.9145	0.9455	0.954	0.9625	0.9375	0.946	0.538	0.953	0.836	0.9995	0.943	0.8765	0.9395	0.347	0.2155	0.3335	0.315	0.338	0.3305	0.472	0.9995	0.4715	0.4605	0.5645	0.472	0.4725	0.999	0.9995	0.9935	0.957	0.861	0.8855	0.9605	0.806	0.91	0.7625	0.956	0.915	0.952	0.8925	0.874	0.8805	0.85	0.6145	0.4725	0.4975	0.4725	0.5905	0.4725	0.8585	0.6195	0.364	0.7365	0.9175	0.5525	0.535	0.3985	0.4125	0.4095	0.4905	0.433	0.4775	0.421	0.414	0.4345	0.4255
G1-15	0.383	0.6545	0.4355	0.815	0.6535	0.8145	0.426	0.467	0.7165	0.468	0.3605	0.4525	0.625	0.609	0.608	0.6085	0.0	0.3935	0.402	0.791	0.7975	0.5645	0.518	0.437	0.4135	0.6075	0.557	0.6325	0.784	0.6895	0.7075	0.949	0.9395	0.914	0.945	0.951	0.9625	0.937	0.945	0.4225	0.755	0.812	0.5205	0.7395	0.729	0.731	0.6375	0.6085	0.6245	0.63	0.6405	0.652	0.652	0.5205	0.637	0.563	0.6165	0.4905	0.6545	0.52	0.5205	0.6625	0.645	0.7385	0.7355	0.947	0.7615	0.9005	0.718	0.9105	0.8695	0.9515	0.892	0.873	0.8805	0.7225	0.5685	0.3305	0.651	0.396	0.2765	0.356	0.6645	0.6465	0.421	0.2595	0.5395	0.218	0.505	0.3925	0.3965	0.3695	0.376	0.3675	0.377	0.383	0.363	0.488	0.391
G1-177	0.3775	0.6535	0.474	0.8745	0.7635	0.8905	0.7455	0.601	0.8505	0.16	0.528	0.1685	0.3955	0.402	0.451	0.4525	0.3935	0.0	0.187	0.7875	0.789	0.451	0.188	0.304	0.2475	0.465	0.5555	0.605	0.78	0.631	0.6465	0.9475	0.9375	0.914	0.945	0.951	0.9625	0.9365	0.945	0.324	0.781	0.812	0.7825	0.7745	0.7535	0.757	0.3895	0.4005	0.3975	0.3995	0.3995	0.4025	0.3935	0.791	0.381	0.376	0.5075	0.2385	0.405	0.7905	0.79	0.934	0.7685	0.775	0.7735	0.9455	0.7425	0.9	0.705	0.868	0.837	0.951	0.892	0.873	0.8805	0.7205	0.513	0.3375	0.4855	0.323	0.493	0.3185	0.7765	0.688	0.2485	0.5455	0.6995	0.3715	0.5435	0.184	0.186	0.3235	0.49	0.1995	0.2655	0.166	0.1515	0.254	0.17
G1-178	0.233	0.492	0.4795	0.8785	0.736	0.8945	0.7515	0.447	0.856	0.3175	0.5335	0.326	0.5545	0.561	0.5595	0.5605	0.402	0.187	0.0	0.627	0.6315	0.276	0.346	0.2185	0.3185	0.5555	0.3955	0.605	0.78	0.631	0.659	0.9475	0.9375	0.914	0.945	0.951	0.9625	0.9365	0.945	0.1825	0.621	0.812	0.6295	0.6145	0.606	0.6095	0.5485	0.5595	0.5575	0.559	0.5585	0.56	0.557	0.6335	0.542	0.439	0.5225	0.396	0.5625	0.633	0.7385	0.938	0.6125	0.6155	0.6135	0.9455	0.7425	0.9	0.705	0.868	0.837	0.951	0.892	0.873	0.8805	0.7205	0.513	0.476	0.573	0.4875	0.5	0.4335	0.7835	0.6895	0.369	0.55	0.679	0.2595	0.546	0.2545	0.2665	0.3665	0.4985	0.3135	0.267	0.277	0.299	0.4155	0.3135
G1-180	0.646	0.1475	0.909	0.889	0.758	0.9075	0.842	0.4895	0.917	0.853	0.794	0.833	0.989	0.998	0.996	0.9975	0.791	0.7875	0.627	0.0	0.0215	0.6455	0.894	0.6705	0.794	0.992	0.4055	0.999	0.9975	0.9985	0.967	0.9975	0.997	0.999	0.999	0.997	1.0	0.999	0.9985	0.611	0.414	0.997	0.317	0.422	0.4835	0.435	0.9855	0.9965	0.994	0.9955	0.9955	0.993	0.9765	0.4975	0.97	0.932	0.9655	0.816	0.983	0.4345	0.739	0.944	0.5245	0.4785	0.485	0.9915	0.999	0.9965	0.9995	0.998	0.9985	0.999	0.9995	0.999	1.0	0.87	0.898	0.9145	0.995	0.9245	0.928	0.875	0.9945	0.915	0.858	0.8305	0.945	0.6755	0.8495	0.706	0.717	0.832	0.8565	0.767	0.723	0.7445	0.787	0.876	0.777
G1-182	0.6485	0.1495	0.9155	0.8955	0.7645	0.914	0.8485	0.496	0.9235	0.854	0.8005	0.833	0.9915	0.998	0.9965	0.9975	0.7975	0.789	0.6315	0.0215	0.0	0.6455	0.894	0.67	0.7925	0.991	0.408	0.997	0.9955	0.9965	0.9655	0.9955	0.9955	0.997	0.997	0.9955	0.998	0.997	0.9965	0.613	0.416	0.995	0.3195	0.426	0.4815	0.4385	0.9875	0.9965	0.9935	0.9955	0.9955	0.9935	0.9735	0.5015	0.967	0.9305	0.9635	0.815	0.981	0.438	0.743	0.9465	0.5305	0.4805	0.485	0.9905	0.997	0.9945	0.9975	0.996	0.9965	0.997	0.9975	0.997	0.998	0.8715	0.897	0.9165	0.997	0.9265	0.93	0.877	0.9965	0.915	0.8625	0.837	0.9515	0.6795	0.8515	0.7075	0.718	0.8355	0.8605	0.7705	0.7255	0.747	0.7895	0.881	0.781
G1-187	0.3945	0.498	0.6765	0.8825	0.7315	0.897	0.7215	0.3945	0.8515	0.455	0.598	0.439	0.7995	0.808	0.807	0.8075	0.5645	0.451	0.276	0.6455	0.6455	0.0	0.47	0.315	0.435	0.8065	0.4505	0.641	0.6215	0.566	0.557	0.8405	0.831	0.806	0.837	0.8445	0.8545	0.8285	0.837	0.4305	0.6205	0.6465	0.63	0.611	0.609	0.6145	0.801	0.8055	0.807	0.806	0.8045	0.8175	0.6785	0.648	0.6335	0.536	0.6295	0.5375	0.709	0.647	0.7445	0.8815	0.6165	0.616	0.597	0.838	0.638	0.7915	0.646	0.7605	0.7295	0.843	0.784	0.7655	0.7725	0.6185	0.627	0.6905	0.727	0.695	0.641	0.6285	0.682	0.7045	0.5605	0.6305	0.6795	0.4555	0.657	0.503	0.5155	0.6235	0.6535	0.5655	0.513	0.5215	0.545	0.6695	0.5605
G1-188	0.485	0.7505	0.4875	0.887	0.8845	0.9	0.808	0.717	0.875	0.124	0.6395	0.132	0.361	0.3695	0.467	0.4675	0.518	0.188	0.346	0.894	0.894	0.47	0.0	0.2825	0.231	0.4855	0.6625	0.484	0.6605	0.5105	0.5455	0.8355	0.826	0.8005	0.8315	0.839	0.849	0.8235	0.8315	0.428	0.8925	0.691	0.879	0.8835	0.881	0.8865	0.3605	0.3675	0.3685	0.3675	0.3665	0.367	0.2555	0.8965	0.234	0.254	0.4095	0.1995	0.263	0.8955	0.897	0.8815	0.889	0.8885	0.8695	0.833	0.6215	0.7865	0.584	0.7555	0.724	0.838	0.7785	0.76	0.767	0.634	0.4015	0.305	0.384	0.265	0.393	0.2835	0.6765	0.6975	0.2925	0.623	0.748	0.485	0.6015	0.2715	0.252	0.411	0.549	0.329	0.378	0.263	0.264	0.239	0.264
G1-189	0.2615	0.5295	0.487	0.884	0.747	0.9	0.7625	0.4955	0.867	0.3035	0.5455	0.262	0.5205	0.529	0.5275	0.5285	0.437	0.304	0.2185	0.6705	0.67	0.315	0.2825	0.0	0.1465	0.524	0.4335	0.495	0.6795	0.587	0.6045	0.8215	0.8115	0.788	0.819	0.8265	0.8365	0.8105	0.819	0.196	0.664	0.6865	0.6555	0.654	0.649	0.6545	0.517	0.526	0.5245	0.5255	0.524	0.5255	0.4275	0.676	0.3905	0.322	0.416	0.266	0.437	0.675	0.744	0.8815	0.6595	0.657	0.638	0.8195	0.6585	0.774	0.615	0.8075	0.767	0.825	0.766	0.7475	0.7545	0.599	0.389	0.399	0.416	0.4035	0.3805	0.337	0.711	0.6945	0.3715	0.5615	0.8505	0.2705	0.5535	0.225	0.2355	0.3565	0.508	0.285	0.2365	0.257	0.3	0.3955	0.292
G1-190	0.377	0.654	0.4835	0.88	0.7715	0.896	0.757	0.611	0.858	0.249	0.5365	0.208	0.48	0.4885	0.487	0.488	0.4135	0.2475	0.3185	0.794	0.7925	0.435	0.231	0.1465	0.0	0.4835	0.5535	0.4415	0.6235	0.531	0.5485	0.784	0.774	0.7505	0.7815	0.789	0.799	0.773	0.7815	0.3115	0.7795	0.6485	0.779	0.7695	0.7645	0.768	0.4755	0.4855	0.485	0.4855	0.4835	0.4885	0.393	0.8005	0.356	0.2395	0.4145	0.2435	0.4035	0.7995	0.8	0.8815	0.775	0.7715	0.7535	0.782	0.6025	0.7365	0.559	0.7515	0.711	0.7875	0.7285	0.71	0.717	0.5615	0.3515	0.3615	0.345	0.366	0.3555	0.2995	0.655	0.6855	0.3105	0.5535	0.8305	0.3795	0.5475	0.2715	0.2755	0.3425	0.503	0.2615	0.265	0.251	0.2465	0.346	0.259
G1-192	0.5665	0.8545	0.575	0.9865	0.594	0.989	0.7575	0.7955	0.5525	0.475	0.3845	0.478	0.376	0.348	0.023	0.2295	0.6075	0.465	0.5555	0.992	0.991	0.8065	0.4855	0.524	0.4835	0.0	0.7755	0.6425	0.827	0.734	0.7715	0.9475	0.9375	0.9145	0.9455	0.953	0.9625	0.9365	0.9455	0.5315	0.953	0.8355	0.9945	0.941	0.87	0.9325	0.3845	0.3095	0.3645	0.372	0.3825	0.3975	0.4865	0.9985	0.4855	0.455	0.5605	0.487	0.49	0.998	0.9975	0.9925	0.955	0.856	0.882	0.9585	0.806	0.909	0.7625	0.9545	0.914	0.951	0.892	0.873	0.8805	0.847	0.614	0.491	0.497	0.491	0.5895	0.491	0.858	0.3985	0.3815	0.7345	0.916	0.5515	0.309	0.4155	0.429	0.4045	0.2685	0.4465	0.4755	0.4365	0.431	0.4485	0.4435
G1-193	0.377	0.267	0.68	0.8365	0.6955	0.858	0.757	0.286	0.834	0.616	0.5375	0.5975	0.773	0.781	0.779	0.7805	0.557	0.5555	0.3955	0.4055	0.408	0.4505	0.6625	0.4335	0.5535	0.7755	0.0	0.7705	0.8065	0.7705	0.7425	0.9475	0.937	0.914	0.945	0.9525	0.9625	0.9365	0.945	0.2645	0.2395	0.8135	0.411	0.2485	0.298	0.257	0.7715	0.7795	0.777	0.777	0.7785	0.7775	0.768	0.5025	0.7525	0.7035	0.737	0.608	0.7745	0.439	0.744	0.943	0.3535	0.3045	0.306	0.945	0.7855	0.9	0.771	0.9345	0.894	0.951	0.892	0.8735	0.8805	0.693	0.6765	0.6335	0.7915	0.6485	0.6665	0.577	0.838	0.648	0.572	0.5895	0.8465	0.4435	0.6235	0.4645	0.4875	0.6	0.629	0.4385	0.359	0.444	0.448	0.6175	0.4395
G2-1100	0.586	0.858	0.5845	0.9925	0.9915	0.9865	0.8965	0.784	0.9525	0.512	0.744	0.498	0.64	0.643	0.643	0.6425	0.6325	0.605	0.605	0.999	0.997	0.641	0.484	0.495	0.4415	0.6425	0.7705	0.0	0.1865	0.1525	0.2695	0.3925	0.3835	0.357	0.388	0.396	0.4055	0.3805	0.389	0.616	0.9995	0.209	0.9815	0.991	0.989	0.9945	0.639	0.6415	0.643	0.642	0.6405	0.6425	0.5105	0.999	0.4725	0.304	0.481	0.5705	0.533	0.998	0.9995	0.9315	0.9965	0.996	0.977	0.3955	0.1865	0.345	0.1445	0.3615	0.3205	0.395	0.3355	0.317	0.3235	0.293	0.1445	0.5795	0.1655	0.574	0.4775	0.557	0.264	0.7845	0.555	0.7305	0.885	0.6085	0.709	0.6275	0.628	0.613	0.6565	0.621	0.6195	0.6055	0.6045	0.615	0.612
G2-1101	0.7605	0.8565	0.768	0.993	0.992	0.986	0.8965	0.722	0.953	0.6565	0.8165	0.6625	0.826	0.829	0.8275	0.829	0.784	0.78	0.78	0.9975	0.9955	0.6215	0.6605	0.6795	0.6235	0.827	0.8065	0.1865	0.0	0.1505	0.2585	0.339	0.3295	0.3055	0.3365	0.344	0.3535	0.3275	0.337	0.8005	1.0	0.034	0.98	0.99	0.9875	0.993	0.8235	0.826	0.827	0.826	0.8245	0.8275	0.695	0.999	0.534	0.4785	0.5425	0.755	0.718	0.998	0.9985	0.9315	0.9955	0.9945	0.9755	0.342	0.148	0.2925	0.1495	0.299	0.2585	0.342	0.283	0.2645	0.2715	0.2395	0.331	0.766	0.3515	0.7605	0.6635	0.7435	0.211	0.8095	0.681	0.8025	0.875	0.7945	0.8165	0.8125	0.8125	0.7975	0.81	0.8055	0.8045	0.79	0.78	0.7995	0.798
G2-1102	0.6675	0.858	0.6735	0.9925	0.9915	0.986	0.896	0.722	0.9525	0.507	0.744	0.5355	0.7315	0.735	0.7345	0.735	0.6895	0.631	0.631	0.9985	0.9965	0.566	0.5105	0.587	0.531	0.734	0.7705	0.1525	0.1505	0.0	0.1675	0.4525	0.443	0.4175	0.4485	0.4555	0.4655	0.44	0.449	0.708	1.0	0.183	0.981	0.9905	0.989	0.994	0.7305	0.733	0.7345	0.7335	0.732	0.734	0.6025	0.9985	0.4785	0.3595	0.487	0.6625	0.625	0.9975	0.999	0.931	0.996	0.9955	0.977	0.4555	0.221	0.405	0.1845	0.3715	0.34	0.4545	0.395	0.376	0.3835	0.3525	0.2375	0.6715	0.257	0.666	0.569	0.649	0.2925	0.785	0.5815	0.73	0.819	0.7	0.7235	0.719	0.7195	0.7045	0.7155	0.7125	0.711	0.6975	0.6795	0.7065	0.7035
G2-1103	0.686	0.833	0.6915	0.9665	0.9655	0.9595	0.87	0.707	0.9265	0.542	0.74	0.557	0.77	0.779	0.7775	0.7785	0.7075	0.6465	0.659	0.967	0.9655	0.557	0.5455	0.6045	0.5485	0.7715	0.7425	0.2695	0.2585	0.1675	0.0	0.524	0.5145	0.4905	0.5215	0.5275	0.539	0.513	0.5215	0.7225	0.9775	0.2905	0.9465	0.9645	0.9355	0.949	0.763	0.776	0.7745	0.7755	0.774	0.774	0.619	0.9725	0.5285	0.3745	0.541	0.6805	0.6525	0.9715	0.972	0.905	0.969	0.968	0.9515	0.5225	0.294	0.476	0.2745	0.4445	0.4135	0.5275	0.4685	0.4495	0.457	0.398	0.331	0.6895	0.3515	0.684	0.587	0.667	0.3625	0.7625	0.599	0.726	0.8065	0.718	0.7395	0.7375	0.7395	0.715	0.7335	0.715	0.731	0.716	0.7	0.718	0.722
G2-1105	0.9475	0.9475	0.9495	0.995	0.995	0.9955	0.949	0.9485	0.9585	0.9035	0.9495	0.89	0.9465	0.95	0.9485	0.9495	0.949	0.9475	0.9475	0.9975	0.9955	0.8405	0.8355	0.8215	0.784	0.9475	0.9475	0.3925	0.339	0.4525	0.524	0.0	0.011	0.0355	0.0045	0.006	0.015	0.0125	0.004	0.9345	0.9995	0.3325	0.9795	0.9915	0.987	0.9975	0.944	0.947	0.948	0.947	0.9455	0.948	0.86	0.9985	0.835	0.6945	0.8575	0.8995	0.86	0.9975	0.998	0.931	0.9965	0.994	0.975	0.015	0.232	0.049	0.2685	0.087	0.1125	0.0035	0.0575	0.0765	0.0695	0.2595	0.4515	0.9035	0.4725	0.8965	0.802	0.884	0.3495	0.949	0.9465	0.9475	0.9475	0.949	0.9475	0.948	0.9475	0.9475	0.9465	0.9475	0.948	0.9475	0.948	0.9475	0.949
G2-1106	0.937	0.9375	0.9395	0.9945	0.9945	0.995	0.939	0.9385	0.958	0.894	0.9395	0.8805	0.937	0.94	0.9385	0.94	0.9395	0.9375	0.9375	0.997	0.9955	0.831	0.826	0.8115	0.774	0.9375	0.937	0.3835	0.3295	0.443	0.5145	0.011	0.0	0.0265	0.009	0.017	0.0255	0.003	0.009	0.924	0.999	0.3235	0.9795	0.991	0.986	0.9965	0.934	0.937	0.9375	0.9365	0.935	0.9385	0.85	0.999	0.825	0.6845	0.848	0.8895	0.851	0.998	0.9985	0.9315	0.996	0.993	0.974	0.022	0.223	0.04	0.259	0.087	0.103	0.014	0.048	0.067	0.06	0.2495	0.442	0.894	0.463	0.887	0.7925	0.8745	0.34	0.939	0.9365	0.9375	0.938	0.939	0.9375	0.938	0.938	0.9375	0.937	0.937	0.938	0.937	0.938	0.937	0.939
G2-1107	0.914	0.914	0.914	0.9945	0.9945	0.996	0.927	0.914	0.958	0.869	0.914	0.855	0.912	0.915	0.915	0.9145	0.914	0.914	0.914	0.999	0.997	0.806	0.8005	0.788	0.7505	0.9145	0.914	0.357	0.3055	0.4175	0.4905	0.0355	0.0265	0.0	0.031	0.0395	0.0485	0.0235	0.032	0.901	0.9995	0.2975	0.9815	0.9925	0.989	0.999	0.911	0.9135	0.915	0.914	0.9125	0.9145	0.827	0.999	0.8015	0.661	0.824	0.8665	0.8265	0.998	0.9995	0.9315	0.9975	0.996	0.977	0.047	0.1965	0.0145	0.233	0.0875	0.0775	0.038	0.023	0.042	0.0345	0.2265	0.4165	0.868	0.4375	0.861	0.767	0.8485	0.314	0.9135	0.912	0.9135	0.922	0.914	0.914	0.914	0.914	0.914	0.9115	0.914	0.914	0.914	0.914	0.914	0.914
G2-1108	0.945	0.945	0.945	0.9945	0.9945	0.996	0.945	0.945	0.958	0.9	0.945	0.886	0.943	0.946	0.946	0.9455	0.945	0.945	0.945	0.999	0.997	0.837	0.8315	0.819	0.7815	0.9455	0.945	0.388	0.3365	0.4485	0.5215	0.0045	0.009	0.031	0.0	0.0085	0.0175	0.0095	0.001	0.932	0.9995	0.3285	0.9815	0.9925	0.989	0.999	0.942	0.9445	0.946	0.945	0.9435	0.9455	0.858	0.999	0.8325	0.692	0.855	0.8975	0.8575	0.998	0.9995	0.9315	0.9975	0.996	0.977	0.0165	0.2275	0.0455	0.264	0.0875	0.1085	0.007	0.054	0.073	0.0655	0.2575	0.4475	0.899	0.4685	0.892	0.798	0.8795	0.345	0.9445	0.943	0.9445	0.944	0.945	0.945	0.945	0.945	0.945	0.9425	0.945	0.945	0.945	0.945	0.945	0.945
G2-1109	0.9515	0.9525	0.9515	0.9925	0.9925	0.9935	0.951	0.951	0.956	0.9075	0.9515	0.8935	0.9505	0.9545	0.954	0.954	0.951	0.951	0.951	0.997	0.9955	0.8445	0.839	0.8265	0.789	0.953	0.9525	0.396	0.344	0.4555	0.5275	0.006	0.017	0.0395	0.0085	0.0	0.0115	0.0175	0.0085	0.9395	0.9995	0.336	0.9795	0.99	0.9885	0.9965	0.9485	0.9525	0.954	0.953	0.9515	0.952	0.866	0.997	0.84	0.6995	0.8625	0.9055	0.8655	0.996	0.9975	0.9295	0.995	0.9945	0.9765	0.0155	0.2355	0.053	0.272	0.086	0.1155	0.003	0.062	0.0805	0.074	0.264	0.4545	0.9055	0.4755	0.8985	0.804	0.886	0.3515	0.9525	0.949	0.9505	0.95	0.951	0.9515	0.951	0.952	0.951	0.9485	0.951	0.9515	0.9525	0.952	0.951	0.951
G2-1110	0.9625	0.9625	0.9625	0.9955	0.9955	0.997	0.9625	0.9625	0.9625	0.9175	0.9625	0.9035	0.96	0.9625	0.9625	0.9625	0.9625	0.9625	0.9625	1.0	0.998	0.8545	0.849	0.8365	0.799	0.9625	0.9625	0.4055	0.3535	0.4655	0.539	0.015	0.0255	0.0485	0.0175	0.0115	0.0	0.026	0.0175	0.9495	1.0	0.346	0.982	0.9935	0.9895	1.0	0.959	0.961	0.9625	0.9615	0.96	0.9625	0.875	0.9995	0.85	0.7095	0.8725	0.9145	0.8745	0.9985	1.0	0.932	0.9985	0.9965	0.9775	0.018	0.245	0.063	0.281	0.0945	0.1255	0.0115	0.0705	0.0895	0.082	0.2745	0.4645	0.9165	0.485	0.9095	0.8155	0.897	0.362	0.962	0.9605	0.962	0.9615	0.9625	0.9625	0.9625	0.9625	0.9625	0.96	0.9625	0.9625	0.9625	0.9625	0.9625	0.9625
G2-1111	0.9365	0.9365	0.9375	0.9955	0.9955	0.996	0.937	0.9365	0.959	0.8915	0.9375	0.878	0.9345	0.9375	0.9365	0.9375	0.937	0.9365	0.9365	0.999	0.997	0.8285	0.8235	0.8105	0.773	0.9365	0.9365	0.3805	0.3275	0.44	0.513	0.0125	0.003	0.0235	0.0095	0.0175	0.026	0.0	0.0095	0.9235	1.0	0.3205	0.981	0.9925	0.9885	0.999	0.933	0.935	0.9365	0.9355	0.934	0.9365	0.849	0.999	0.824	0.6835	0.8465	0.8885	0.8485	0.998	0.999	0.9315	0.9975	0.9955	0.9765	0.0245	0.22	0.037	0.256	0.087	0.1	0.0145	0.045	0.064	0.057	0.2485	0.4395	0.8915	0.46	0.8845	0.79	0.872	0.337	0.937	0.9345	0.936	0.9355	0.937	0.9365	0.9365	0.9365	0.9365	0.9345	0.9365	0.9365	0.9365	0.9365	0.9365	0.937
G2-1113	0.945	0.945	0.9455	0.9945	0.9945	0.9955	0.945	0.945	0.958	0.9	0.9455	0.886	0.9425	0.9465	0.946	0.946	0.945	0.945	0.945	0.9985	0.9965	0.837	0.8315	0.819	0.7815	0.9455	0.945	0.389	0.337	0.449	0.5215	0.004	0.009	0.032	0.001	0.0085	0.0175	0.0095	0.0	0.932	0.999	0.3285	0.9805	0.992	0.988	0.9985	0.9415	0.9445	0.946	0.945	0.9435	0.945	0.8575	0.998	0.8325	0.692	0.855	0.897	0.857	0.997	0.9985	0.9305	0.997	0.995	0.976	0.016	0.2285	0.0455	0.265	0.0875	0.109	0.0065	0.054	0.073	0.066	0.257	0.4475	0.8995	0.469	0.8925	0.798	0.88	0.346	0.945	0.943	0.9445	0.944	0.945	0.945	0.945	0.945	0.945	0.9425	0.945	0.945	0.945	0.945	0.945	0.945
G2-194	0.174	0.4725	0.4685	0.83	0.675	0.8515	0.74	0.387	0.8135	0.378	0.4825	0.363	0.528	0.5385	0.5365	0.538	0.4225	0.324	0.1825	0.611	0.613	0.4305	0.428	0.196	0.3115	0.5315	0.2645	0.616	0.8005	0.708	0.7225	0.9345	0.924	0.901	0.932	0.9395	0.9495	0.9235	0.932	0.0	0.483	0.8075	0.6035	0.473	0.465	0.4675	0.5255	0.5355	0.534	0.5335	0.5335	0.545	0.5265	0.621	0.511	0.4685	0.5045	0.3665	0.533	0.62	0.744	0.93	0.4785	0.4745	0.4625	0.932	0.7795	0.887	0.736	0.9285	0.888	0.938	0.879	0.8605	0.8675	0.68	0.487	0.3955	0.55	0.409	0.4575	0.342	0.832	0.634	0.3345	0.5455	0.848	0.2475	0.538	0.2235	0.246	0.3645	0.499	0.1965	0.135	0.2085	0.2165	0.382	0.204
G2-198	0.5735	0.4075	0.8985	0.848	0.672	0.875	0.8025	0.4295	0.8495	0.8435	0.717	0.827	0.9575	0.9535	0.9535	0.953	0.755	0.781	0.621	0.414	0.416	0.6205	0.8925	0.664	0.7795	0.953	0.2395	0.9995	1.0	1.0	0.9775	0.9995	0.999	0.9995	0.9995	0.9995	1.0	1.0	0.999	0.483	0.0	0.998	0.416	0.035	0.117	0.049	0.9705	0.9535	0.9545	0.9585	0.9705	0.9835	0.982	0.503	0.9765	0.9375	0.97	0.8205	0.9845	0.44	0.7455	0.95	0.122	0.1015	0.0955	0.9935	0.9995	0.998	1.0	1.0	1.0	1.0	1.0	1.0	1.0	0.845	0.885	0.859	1.0	0.8725	0.8935	0.8055	1.0	0.8215	0.7665	0.816	0.9485	0.6255	0.814	0.6535	0.6765	0.7995	0.818	0.649	0.5735	0.644	0.647	0.8275	0.6345
G2-199	0.7675	0.856	0.7735	0.991	0.99	0.9845	0.8945	0.7205	0.951	0.6875	0.822	0.693	0.8315	0.8365	0.836	0.836	0.812	0.812	0.812	0.997	0.995	0.6465	0.691	0.6865	0.6485	0.8355	0.8135	0.209	0.034	0.183	0.2905	0.3325	0.3235	0.2975	0.3285	0.336	0.346	0.3205	0.3285	0.8075	0.998	0.0	0.9795	0.989	0.987	0.9925	0.8305	0.8345	0.836	0.835	0.8335	0.834	0.702	0.997	0.5165	0.5105	0.5265	0.762	0.7245	0.996	0.9975	0.9295	0.9945	0.994	0.975	0.334	0.1725	0.2835	0.1745	0.317	0.276	0.335	0.2755	0.257	0.264	0.2315	0.3365	0.7715	0.359	0.766	0.669	0.749	0.236	0.815	0.712	0.8095	0.8985	0.8	0.8235	0.819	0.8195	0.812	0.8155	0.8125	0.811	0.8085	0.8115	0.812	0.81
G2-21	0.651	0.3245	0.8325	0.8705	0.73	0.872	0.553	0.4155	0.8655	0.8385	0.707	0.8175	0.991	1.0	0.9985	0.9995	0.5205	0.7825	0.6295	0.317	0.3195	0.63	0.879	0.6555	0.779	0.9945	0.411	0.9815	0.98	0.981	0.9465	0.9795	0.9795	0.9815	0.9815	0.9795	0.982	0.981	0.9805	0.6035	0.416	0.9795	0.0	0.418	0.4825	0.437	0.984	0.997	0.9965	0.997	0.995	0.995	0.9555	0.203	0.9515	0.9165	0.9485	0.799	0.965	0.1395	0.445	0.6325	0.4185	0.477	0.469	0.975	0.9815	0.979	0.982	0.9805	0.981	0.981	0.9815	0.981	0.982	0.852	0.88	0.692	0.974	0.756	0.639	0.7205	0.8655	0.917	0.8565	0.541	0.655	0.497	0.854	0.7085	0.7205	0.8255	0.789	0.77	0.728	0.7495	0.792	0.8795	0.781
G2-210	0.569	0.417	0.8935	0.843	0.657	0.869	0.787	0.4235	0.8345	0.834	0.702	0.818	0.954	0.9435	0.942	0.943	0.7395	0.7745	0.6145	0.422	0.426	0.611	0.8835	0.654	0.7695	0.941	0.2485	0.991	0.99	0.9905	0.9645	0.9915	0.991	0.9925	0.9925	0.99	0.9935	0.9925	0.992	0.473	0.035	0.989	0.418	0.0	0.1175	0.052	0.9625	0.9405	0.953	0.956	0.9665	0.9805	0.974	0.499	0.9665	0.9275	0.96	0.8125	0.9765	0.4355	0.741	0.94	0.1315	0.092	0.073	0.9835	0.991	0.9885	0.9915	0.99	0.9905	0.9925	0.993	0.9925	0.9935	0.834	0.8765	0.8475	0.9905	0.861	0.8815	0.794	0.9885	0.809	0.7485	0.809	0.9415	0.61	0.7995	0.6375	0.6625	0.783	0.8	0.643	0.569	0.6355	0.633	0.821	0.6285
G2-211	0.56	0.4695	0.888	0.8435	0.6015	0.871	0.7255	0.418	0.773	0.832	0.6405	0.816	0.9465	0.923	0.8755	0.8765	0.729	0.7535	0.606	0.4835	0.4815	0.609	0.881	0.649	0.7645	0.87	0.298	0.989	0.9875	0.989	0.9355	0.987	0.986	0.989	0.989	0.9885	0.9895	0.9885	0.988	0.465	0.117	0.987	0.4825	0.1175	0.0	0.082	0.9555	0.8845	0.9395	0.9455	0.9575	0.9715	0.961	0.5025	0.958	0.9215	0.9555	0.806	0.9725	0.4905	0.744	0.9435	0.1615	0.0515	0.057	0.981	0.989	0.9865	0.9895	0.9885	0.989	0.9885	0.989	0.989	0.9895	0.832	0.8745	0.8485	0.9895	0.862	0.8825	0.795	0.9895	0.745	0.693	0.804	0.937	0.6045	0.732	0.614	0.6505	0.715	0.741	0.621	0.5615	0.625	0.623	0.81	0.623
G2-212	0.5615	0.432	0.8885	0.8405	0.65	0.864	0.779	0.4185	0.826	0.8365	0.696	0.8215	0.9545	0.94	0.938	0.9395	0.731	0.757	0.6095	0.435	0.4385	0.6145	0.8865	0.6545	0.768	0.9325	0.257	0.9945	0.993	0.994	0.949	0.9975	0.9965	0.999	0.999	0.9965	1.0	0.999	0.9985	0.4675	0.049	0.9925	0.437	0.052	0.082	0.0	0.964	0.9385	0.95	0.956	0.968	0.9805	0.9715	0.5005	0.9635	0.927	0.961	0.8165	0.983	0.4455	0.742	0.947	0.1335	0.082	0.092	0.9865	0.9945	0.992	0.995	0.9935	0.994	0.999	0.9995	0.999	1.0	0.8405	0.883	0.852	0.998	0.8655	0.886	0.7985	0.993	0.803	0.7445	0.8045	0.9375	0.608	0.787	0.6315	0.6555	0.77	0.797	0.6215	0.563	0.6275	0.625	0.8105	0.625
G2-213	0.5755	0.85	0.568	0.9795	0.963	0.982	0.895	0.804	0.9265	0.3795	0.7245	0.3805	0.091	0.1875	0.366	0.347	0.6375	0.3895	0.5485	0.9855	0.9875	0.801	0.3605	0.517	0.4755	0.3845	0.7715	0.639	0.8235	0.7305	0.763	0.944	0.934	0.911	0.942	0.9485	0.959	0.933	0.9415	0.5255	0.9705	0.8305	0.984	0.9625	0.9555	0.964	0.0	0.132	0.024	0.0345	0.011	0.027	0.153	0.991	0.376	0.448	0.553	0.2885	0.1315	0.99	0.9905	0.982	0.9645	0.9615	0.9595	0.9505	0.8025	0.904	0.759	0.951	0.9105	0.9475	0.8885	0.8695	0.877	0.8365	0.6045	0.4365	0.491	0.392	0.579	0.46	0.852	0.7745	0.427	0.727	0.908	0.5765	0.685	0.361	0.323	0.5115	0.64	0.4225	0.477	0.375	0.395	0.179	0.3695
G2-214	0.569	0.8565	0.576	0.9875	0.892	0.99	0.824	0.7965	0.8555	0.3865	0.6535	0.3875	0.0675	0.0925	0.287	0.2155	0.6085	0.4005	0.5595	0.9965	0.9965	0.8055	0.3675	0.526	0.4855	0.3095	0.7795	0.6415	0.826	0.733	0.776	0.947	0.937	0.9135	0.9445	0.9525	0.961	0.935	0.9445	0.5355	0.9535	0.8345	0.997	0.9405	0.8845	0.9385	0.132	0.0	0.1195	0.1	0.1225	0.117	0.257	0.999	0.386	0.458	0.562	0.298	0.2575	0.998	0.9985	0.992	0.9545	0.8935	0.8895	0.958	0.805	0.908	0.761	0.9535	0.913	0.9495	0.8905	0.872	0.879	0.8475	0.6135	0.4465	0.496	0.402	0.589	0.47	0.857	0.7005	0.3565	0.735	0.916	0.5525	0.615	0.319	0.2935	0.4435	0.57	0.418	0.4765	0.355	0.3665	0.221	0.355
G2-215	0.5675	0.855	0.576	0.9875	0.95	0.99	0.882	0.7965	0.9135	0.388	0.7115	0.389	0.0935	0.1735	0.345	0.3335	0.6245	0.3975	0.5575	0.994	0.9935	0.807	0.3685	0.5245	0.485	0.3645	0.777	0.643	0.827	0.7345	0.7745	0.948	0.9375	0.915	0.946	0.954	0.9625	0.9365	0.946	0.534	0.9545	0.836	0.9965	0.953	0.9395	0.95	0.024	0.1195	0.0	0.0265	0.02	0.0375	0.1625	0.9995	0.385	0.4565	0.561	0.2975	0.1425	0.999	0.9985	0.9935	0.956	0.951	0.947	0.959	0.8065	0.9095	0.7625	0.955	0.9145	0.951	0.892	0.8735	0.8805	0.848	0.615	0.448	0.4975	0.4035	0.5905	0.4715	0.8585	0.759	0.416	0.7355	0.917	0.5635	0.671	0.3475	0.3075	0.4995	0.6295	0.4155	0.4765	0.359	0.3795	0.1745	0.3565
G2-216	0.567	0.856	0.5745	0.986	0.954	0.9885	0.886	0.795	0.9175	0.387	0.7155	0.388	0.0685	0.155	0.3505	0.315	0.63	0.3995	0.559	0.9955	0.9955	0.806	0.3675	0.5255	0.4855	0.372	0.777	0.642	0.826	0.7335	0.7755	0.947	0.9365	0.914	0.945	0.953	0.9615	0.9355	0.945	0.5335	0.9585	0.835	0.997	0.956	0.9455	0.956	0.0345	0.1	0.0265	0.0	0.025	0.0295	0.163	0.999	0.3855	0.4575	0.5615	0.298	0.1605	0.998	0.9985	0.9925	0.956	0.9555	0.9515	0.9575	0.8055	0.9085	0.7615	0.954	0.9135	0.95	0.891	0.8725	0.8795	0.846	0.6125	0.4455	0.4965	0.401	0.588	0.469	0.8575	0.7625	0.419	0.7335	0.916	0.5675	0.678	0.3515	0.313	0.5065	0.634	0.4155	0.475	0.3645	0.3835	0.1745	0.3605
G2-217	0.577	0.8555	0.576	0.9875	0.966	0.99	0.898	0.807	0.9295	0.3855	0.7275	0.3865	0.087	0.178	0.361	0.338	0.6405	0.3995	0.5585	0.9955	0.9955	0.8045	0.3665	0.524	0.4835	0.3825	0.7785	0.6405	0.8245	0.732	0.774	0.9455	0.935	0.9125	0.9435	0.9515	0.96	0.934	0.9435	0.5335	0.9705	0.8335	0.995	0.9665	0.9575	0.968	0.011	0.1225	0.02	0.025	0.0	0.026	0.161	0.999	0.384	0.456	0.56	0.296	0.137	0.998	0.9985	0.991	0.9675	0.9655	0.9615	0.9565	0.804	0.907	0.76	0.9525	0.912	0.9485	0.8895	0.871	0.878	0.8455	0.6125	0.4455	0.495	0.401	0.588	0.469	0.856	0.7745	0.43	0.735	0.916	0.5795	0.688	0.3635	0.3235	0.5165	0.643	0.427	0.478	0.376	0.3955	0.184	0.3725
G2-218	0.59	0.8545	0.573	0.984	0.9775	0.9865	0.9095	0.8185	0.941	0.386	0.739	0.387	0.08	0.171	0.376	0.3305	0.652	0.4025	0.56	0.993	0.9935	0.8175	0.367	0.5255	0.4885	0.3975	0.7775	0.6425	0.8275	0.734	0.774	0.948	0.9385	0.9145	0.9455	0.952	0.9625	0.9365	0.945	0.545	0.9835	0.834	0.995	0.9805	0.9715	0.9805	0.027	0.117	0.0375	0.0295	0.026	0.0	0.1625	0.996	0.3855	0.4575	0.5615	0.2975	0.144	0.9955	0.995	0.99	0.9805	0.981	0.978	0.9575	0.806	0.9075	0.7625	0.9545	0.914	0.951	0.892	0.873	0.8805	0.8455	0.6115	0.4445	0.496	0.4	0.587	0.468	0.857	0.788	0.4435	0.7365	0.9135	0.591	0.701	0.375	0.3365	0.529	0.657	0.4395	0.49	0.39	0.408	0.1965	0.384
G2-219	0.5435	0.84	0.5285	0.9775	0.9775	0.9765	0.883	0.774	0.941	0.2905	0.729	0.275	0.216	0.3125	0.4705	0.472	0.652	0.3935	0.557	0.9765	0.9735	0.6785	0.2555	0.4275	0.393	0.4865	0.768	0.5105	0.695	0.6025	0.619	0.86	0.85	0.827	0.858	0.866	0.875	0.849	0.8575	0.5265	0.982	0.702	0.9555	0.974	0.961	0.9715	0.153	0.257	0.1625	0.163	0.161	0.1625	0.0	0.9815	0.2305	0.3575	0.4085	0.202	0.0405	0.9805	0.981	0.914	0.979	0.9735	0.956	0.8665	0.6935	0.8195	0.6515	0.8675	0.827	0.8635	0.8045	0.786	0.793	0.743	0.51	0.3845	0.41	0.333	0.4855	0.3885	0.771	0.781	0.397	0.734	0.904	0.566	0.6965	0.375	0.335	0.5225	0.6545	0.4305	0.4885	0.383	0.4065	0.191	0.382
G2-22	0.6535	0.5025	0.8325	0.8705	0.73	0.8725	0.35	0.4185	0.8655	0.8565	0.707	0.835	0.993	1.0	0.9995	0.9995	0.5205	0.791	0.6335	0.4975	0.5015	0.648	0.8965	0.676	0.8005	0.9985	0.5025	0.999	0.999	0.9985	0.9725	0.9985	0.999	0.999	0.999	0.997	0.9995	0.999	0.998	0.621	0.503	0.997	0.203	0.499	0.5025	0.5005	0.991	0.999	0.9995	0.999	0.999	0.996	0.9815	0.0	0.976	0.938	0.969	0.82	0.9835	0.064	0.2435	0.4475	0.4205	0.501	0.502	0.994	0.999	0.997	0.9995	0.9985	0.9985	0.999	0.999	0.9985	0.9995	0.8715	0.8975	0.7095	0.9915	0.7735	0.6565	0.738	0.883	0.917	0.8585	0.3405	0.453	0.497	0.859	0.7095	0.722	0.833	0.791	0.7785	0.729	0.7525	0.793	0.886	0.781
G2-220	0.516	0.832	0.507	0.9695	0.9685	0.9625	0.873	0.6985	0.9295	0.2435	0.721	0.2475	0.3805	0.389	0.47	0.4715	0.637	0.381	0.542	0.97	0.967	0.6335	0.234	0.3905	0.356	0.4855	0.7525	0.4725	0.534	0.4785	0.5285	0.835	0.825	0.8015	0.8325	0.84	0.85	0.824	0.8325	0.511	0.9765	0.5165	0.9515	0.9665	0.958	0.9635	0.376	0.386	0.385	0.3855	0.384	0.3855	0.2305	0.976	0.0	0.316	0.2025	0.2885	0.2635	0.975	0.9755	0.9085	0.972	0.968	0.9505	0.833	0.659	0.787	0.617	0.833	0.7925	0.8385	0.7795	0.761	0.768	0.7125	0.4795	0.3695	0.385	0.318	0.4455	0.3735	0.7365	0.766	0.3285	0.719	0.889	0.5515	0.6815	0.36	0.355	0.508	0.6395	0.418	0.4735	0.368	0.3915	0.35	0.367
G2-221	0.4865	0.793	0.47	0.9305	0.9295	0.9235	0.834	0.7205	0.8905	0.28	0.682	0.264	0.4525	0.461	0.4595	0.4605	0.563	0.376	0.439	0.932	0.9305	0.536	0.254	0.322	0.2395	0.455	0.7035	0.304	0.4785	0.3595	0.3745	0.6945	0.6845	0.661	0.692	0.6995	0.7095	0.6835	0.692	0.4685	0.9375	0.5105	0.9165	0.9275	0.9215	0.927	0.448	0.458	0.4565	0.4575	0.456	0.4575	0.3575	0.938	0.316	0.0	0.3655	0.3745	0.391	0.937	0.9375	0.8815	0.933	0.9295	0.9115	0.692	0.4645	0.6465	0.4285	0.6285	0.588	0.698	0.639	0.6205	0.6275	0.534	0.301	0.3935	0.2645	0.388	0.3645	0.371	0.537	0.7225	0.351	0.667	0.803	0.5125	0.6425	0.4385	0.4385	0.452	0.594	0.4285	0.4305	0.4145	0.399	0.423	0.424
G2-222	0.5095	0.8255	0.5	0.963	0.962	0.956	0.8665	0.692	0.923	0.3825	0.7145	0.3885	0.5565	0.565	0.5635	0.5645	0.6165	0.5075	0.5225	0.9655	0.9635	0.6295	0.4095	0.416	0.4145	0.5605	0.737	0.481	0.5425	0.487	0.541	0.8575	0.848	0.824	0.855	0.8625	0.8725	0.8465	0.855	0.5045	0.97	0.5265	0.9485	0.96	0.9555	0.961	0.553	0.562	0.561	0.5615	0.56	0.5615	0.4085	0.969	0.2025	0.3655	0.0	0.456	0.4385	0.968	0.9685	0.9015	0.9655	0.963	0.944	0.856	0.6675	0.8095	0.6255	0.8415	0.801	0.861	0.802	0.7835	0.7905	0.728	0.495	0.472	0.475	0.4665	0.4525	0.4495	0.745	0.755	0.4105	0.6995	0.8685	0.545	0.676	0.5185	0.5185	0.508	0.6265	0.5095	0.5105	0.5045	0.5095	0.508	0.509
G2-223	0.4025	0.6785	0.4855	0.894	0.816	0.9125	0.7555	0.633	0.8855	0.176	0.5675	0.1395	0.2925	0.3125	0.4705	0.472	0.4905	0.2385	0.396	0.816	0.815	0.5375	0.1995	0.266	0.2435	0.487	0.608	0.5705	0.755	0.6625	0.6805	0.8995	0.8895	0.8665	0.8975	0.9055	0.9145	0.8885	0.897	0.3665	0.8205	0.762	0.799	0.8125	0.806	0.8165	0.2885	0.298	0.2975	0.298	0.296	0.2975	0.202	0.82	0.2885	0.3745	0.456	0.0	0.215	0.819	0.8195	0.8955	0.8175	0.813	0.7945	0.906	0.734	0.859	0.691	0.907	0.8665	0.903	0.844	0.8255	0.8325	0.677	0.467	0.322	0.4495	0.2855	0.4765	0.304	0.8105	0.716	0.302	0.5935	0.8775	0.4055	0.576	0.2135	0.1735	0.39	0.5365	0.275	0.327	0.2215	0.245	0.1885	0.2205
G2-224	0.5705	0.844	0.554	0.98	0.98	0.979	0.8905	0.7995	0.9435	0.3215	0.7315	0.306	0.2165	0.313	0.471	0.4725	0.6545	0.405	0.5625	0.983	0.981	0.709	0.263	0.437	0.4035	0.49	0.7745	0.533	0.718	0.625	0.6525	0.86	0.851	0.8265	0.8575	0.8655	0.8745	0.8485	0.857	0.533	0.9845	0.7245	0.965	0.9765	0.9725	0.983	0.1315	0.2575	0.1425	0.1605	0.137	0.144	0.0405	0.9835	0.2635	0.391	0.4385	0.215	0.0	0.9825	0.983	0.916	0.9815	0.9795	0.9605	0.867	0.6965	0.819	0.653	0.867	0.8265	0.863	0.804	0.7855	0.7925	0.7455	0.5115	0.3865	0.4095	0.335	0.487	0.3905	0.7705	0.7835	0.4225	0.7365	0.9065	0.572	0.703	0.3775	0.338	0.5315	0.657	0.442	0.491	0.3875	0.409	0.199	0.3845
G2-23	0.653	0.439	0.832	0.87	0.7295	0.872	0.4135	0.4155	0.865	0.8555	0.7065	0.834	0.992	0.9995	0.999	0.999	0.52	0.7905	0.633	0.4345	0.438	0.647	0.8955	0.675	0.7995	0.998	0.439	0.998	0.998	0.9975	0.9715	0.9975	0.998	0.998	0.998	0.996	0.9985	0.998	0.997	0.62	0.44	0.996	0.1395	0.4355	0.4905	0.4455	0.99	0.998	0.999	0.998	0.998	0.9955	0.9805	0.064	0.975	0.937	0.968	0.819	0.9825	0.0	0.307	0.51	0.42	0.484	0.4885	0.993	0.998	0.996	0.9985	0.9975	0.9975	0.998	0.998	0.9975	0.9985	0.8705	0.8965	0.7085	0.9905	0.7725	0.6555	0.737	0.882	0.9165	0.8575	0.4025	0.516	0.4965	0.8585	0.709	0.7215	0.8325	0.79	0.778	0.7285	0.752	0.7925	0.8855	0.7805
G2-24	0.743	0.744	0.8325	0.8705	0.73	0.872	0.2845	0.6605	0.8655	0.8565	0.707	0.8355	0.9935	1.0	0.9985	0.9995	0.5205	0.79	0.7385	0.739	0.743	0.7445	0.897	0.744	0.8	0.9975	0.744	0.9995	0.9985	0.999	0.972	0.998	0.9985	0.9995	0.9995	0.9975	1.0	0.999	0.9985	0.744	0.7455	0.9975	0.445	0.741	0.744	0.742	0.9905	0.9985	0.9985	0.9985	0.9985	0.995	0.981	0.2435	0.9755	0.9375	0.9685	0.8195	0.983	0.307	0.0	0.2055	0.632	0.743	0.744	0.9935	0.9995	0.997	1.0	0.9985	0.999	0.999	0.9995	0.999	1.0	0.871	0.898	0.71	0.992	0.774	0.657	0.7385	0.8835	0.9175	0.8585	0.311	0.285	0.559	0.858	0.7415	0.7435	0.832	0.7915	0.7775	0.743	0.7515	0.792	0.885	0.781
G2-26	0.942	0.943	0.857	0.9165	0.907	0.9005	0.3755	0.859	0.882	0.898	0.8465	0.8845	0.9845	0.994	0.993	0.9935	0.6625	0.934	0.938	0.944	0.9465	0.8815	0.8815	0.8815	0.8815	0.9925	0.943	0.9315	0.9315	0.931	0.905	0.931	0.9315	0.9315	0.9315	0.9295	0.932	0.9315	0.9305	0.93	0.95	0.9295	0.6325	0.94	0.9435	0.947	0.982	0.992	0.9935	0.9925	0.991	0.99	0.914	0.4475	0.9085	0.8815	0.9015	0.8955	0.916	0.51	0.2055	0.0	0.836	0.945	0.927	0.9265	0.9315	0.9295	0.932	0.931	0.931	0.9315	0.9315	0.931	0.932	0.877	0.88	0.688	0.924	0.735	0.605	0.74	0.8155	0.9435	0.9335	0.413	0.278	0.7565	0.9405	0.941	0.943	0.9305	0.8685	0.9405	0.942	0.943	0.9425	0.938	0.9395
G2-27	0.5695	0.522	0.8105	0.818	0.6365	0.827	0.6925	0.376	0.7905	0.8395	0.6225	0.8235	0.955	0.9575	0.956	0.957	0.645	0.7685	0.6125	0.5245	0.5305	0.6165	0.889	0.6595	0.775	0.955	0.3535	0.9965	0.9955	0.996	0.969	0.9965	0.996	0.9975	0.9975	0.995	0.9985	0.9975	0.997	0.4785	0.122	0.9945	0.4185	0.1315	0.1615	0.1335	0.9645	0.9545	0.956	0.956	0.9675	0.9805	0.979	0.4205	0.972	0.933	0.9655	0.8175	0.9815	0.42	0.632	0.836	0.0	0.1485	0.135	0.989	0.9965	0.994	0.997	0.9955	0.996	0.9975	0.998	0.9975	0.9985	0.8375	0.8815	0.744	0.9905	0.7575	0.778	0.6905	0.885	0.8235	0.759	0.7005	0.833	0.5155	0.814	0.652	0.677	0.788	0.746	0.6435	0.5695	0.645	0.6475	0.8195	0.633
G2-28	0.5695	0.475	0.8975	0.847	0.579	0.873	0.709	0.4275	0.7565	0.839	0.624	0.823	0.954	0.9335	0.86	0.861	0.7385	0.775	0.6155	0.4785	0.4805	0.616	0.8885	0.657	0.7715	0.856	0.3045	0.996	0.9945	0.9955	0.968	0.994	0.993	0.996	0.996	0.9945	0.9965	0.9955	0.995	0.4745	0.1015	0.994	0.477	0.092	0.0515	0.082	0.9615	0.8935	0.951	0.9555	0.9655	0.981	0.9735	0.501	0.968	0.9295	0.963	0.813	0.9795	0.484	0.743	0.945	0.1485	0.0	0.0405	0.988	0.996	0.9935	0.9965	0.995	0.9955	0.9955	0.996	0.9955	0.9965	0.838	0.8805	0.8545	0.9955	0.868	0.8885	0.801	0.9955	0.729	0.7005	0.813	0.9455	0.614	0.716	0.6235	0.6605	0.7015	0.722	0.643	0.571	0.6355	0.633	0.8215	0.6325
G2-29	0.5665	0.475	0.8945	0.844	0.6045	0.871	0.7345	0.4245	0.782	0.82	0.6495	0.804	0.9505	0.9295	0.8845	0.8855	0.7355	0.7735	0.6135	0.485	0.485	0.597	0.8695	0.638	0.7535	0.882	0.306	0.977	0.9755	0.977	0.9515	0.975	0.974	0.977	0.977	0.9765	0.9775	0.9765	0.976	0.4625	0.0955	0.975	0.469	0.073	0.057	0.092	0.9595	0.8895	0.947	0.9515	0.9615	0.978	0.956	0.502	0.9505	0.9115	0.944	0.7945	0.9605	0.4885	0.744	0.927	0.135	0.0405	0.0	0.969	0.977	0.9745	0.9775	0.9765	0.977	0.9765	0.977	0.977	0.9775	0.82	0.8625	0.8365	0.9775	0.85	0.8705	0.783	0.9775	0.7535	0.6975	0.81	0.9425	0.611	0.743	0.6205	0.657	0.7285	0.7475	0.6415	0.568	0.6315	0.6295	0.82	0.6295
G2-313	0.9445	0.951	0.9465	0.9865	0.9855	0.9805	0.95	0.949	0.9495	0.901	0.9525	0.8875	0.953	0.961	0.9595	0.9605	0.947	0.9455	0.9455	0.9915	0.9905	0.838	0.833	0.8195	0.782	0.9585	0.945	0.3955	0.342	0.4555	0.5225	0.015	0.022	0.047	0.0165	0.0155	0.018	0.0245	0.016	0.932	0.9935	0.334	0.975	0.9835	0.981	0.9865	0.9505	0.958	0.959	0.9575	0.9565	0.9575	0.8665	0.994	0.833	0.692	0.856	0.906	0.867	0.993	0.9935	0.9265	0.989	0.988	0.969	0.0	0.235	0.0515	0.2715	0.0845	0.116	0.0165	0.0695	0.0885	0.0815	0.2665	0.4585	0.902	0.4845	0.895	0.8005	0.8825	0.353	0.946	0.9435	0.9445	0.9455	0.946	0.9455	0.9455	0.9455	0.9455	0.9445	0.945	0.945	0.9445	0.945	0.945	0.946
G2-314	0.7725	0.858	0.771	0.9925	0.9915	0.9865	0.898	0.807	0.9525	0.6725	0.7935	0.6585	0.8035	0.8065	0.8065	0.806	0.7615	0.7425	0.7425	0.999	0.997	0.638	0.6215	0.6585	0.6025	0.806	0.7855	0.1865	0.148	0.221	0.294	0.232	0.223	0.1965	0.2275	0.2355	0.245	0.22	0.2285	0.7795	0.9995	0.1725	0.9815	0.991	0.989	0.9945	0.8025	0.805	0.8065	0.8055	0.804	0.806	0.6935	0.999	0.659	0.4645	0.6675	0.734	0.6965	0.998	0.9995	0.9315	0.9965	0.996	0.977	0.235	0.0	0.1845	0.044	0.175	0.134	0.2345	0.175	0.1565	0.163	0.162	0.308	0.743	0.329	0.7375	0.641	0.7205	0.1945	0.7865	0.7265	0.781	0.859	0.772	0.7955	0.791	0.7915	0.7765	0.7875	0.7845	0.783	0.769	0.7515	0.7785	0.7755
G2-315	0.8995	0.9045	0.9005	0.991	0.99	0.986	0.9205	0.902	0.951	0.8545	0.9055	0.841	0.9055	0.9105	0.9095	0.91	0.9005	0.9	0.9	0.9965	0.9945	0.7915	0.7865	0.774	0.7365	0.909	0.9	0.345	0.2925	0.405	0.476	0.049	0.04	0.0145	0.0455	0.053	0.063	0.037	0.0455	0.887	0.998	0.2835	0.979	0.9885	0.9865	0.992	0.904	0.908	0.9095	0.9085	0.907	0.9075	0.8195	0.997	0.787	0.6465	0.8095	0.859	0.819	0.996	0.997	0.9295	0.994	0.9935	0.9745	0.0515	0.1845	0.0	0.221	0.0795	0.07	0.0515	0.018	0.037	0.03	0.2195	0.4105	0.855	0.433	0.848	0.7535	0.8355	0.3025	0.9	0.8975	0.899	0.9125	0.9	0.9	0.9	0.9	0.9	0.898	0.9	0.8995	0.8995	0.8995	0.9	0.9
G2-316	0.7305	0.8585	0.729	0.993	0.992	0.987	0.9	0.809	0.953	0.6365	0.75	0.6225	0.76	0.7625	0.7625	0.7625	0.718	0.705	0.705	0.9995	0.9975	0.646	0.584	0.615	0.559	0.7625	0.771	0.1445	0.1495	0.1845	0.2745	0.2685	0.259	0.233	0.264	0.272	0.281	0.256	0.265	0.736	1.0	0.1745	0.982	0.9915	0.9895	0.995	0.759	0.761	0.7625	0.7615	0.76	0.7625	0.6515	0.9995	0.617	0.4285	0.6255	0.691	0.653	0.9985	1.0	0.932	0.997	0.9965	0.9775	0.2715	0.044	0.221	0.0	0.217	0.176	0.2705	0.211	0.1925	0.199	0.169	0.2645	0.6995	0.285	0.694	0.5975	0.677	0.2005	0.785	0.6845	0.7375	0.8655	0.73	0.752	0.7475	0.748	0.733	0.744	0.741	0.7395	0.7255	0.708	0.735	0.732
G2-317	0.946	0.9525	0.9455	0.9925	0.9915	0.987	0.9505	0.9495	0.9525	0.8235	0.953	0.8165	0.9525	0.956	0.955	0.956	0.9105	0.868	0.868	0.998	0.996	0.7605	0.7555	0.8075	0.7515	0.9545	0.9345	0.3615	0.299	0.3715	0.4445	0.087	0.087	0.0875	0.0875	0.086	0.0945	0.087	0.0875	0.9285	1.0	0.317	0.9805	0.99	0.9885	0.9935	0.951	0.9535	0.955	0.954	0.9525	0.9545	0.8675	0.9985	0.833	0.6285	0.8415	0.907	0.867	0.9975	0.9985	0.931	0.9955	0.995	0.9765	0.0845	0.175	0.0795	0.217	0.0	0.041	0.087	0.0875	0.087	0.088	0.2665	0.4575	0.8925	0.478	0.887	0.79	0.87	0.2865	0.9415	0.9	0.9315	0.867	0.946	0.944	0.9395	0.94	0.925	0.9365	0.933	0.9325	0.9215	0.9005	0.927	0.9265
G2-318	0.9055	0.912	0.9045	0.9925	0.9915	0.9875	0.9225	0.909	0.9525	0.7925	0.912	0.7785	0.9115	0.915	0.9145	0.915	0.8695	0.837	0.837	0.9985	0.9965	0.7295	0.724	0.767	0.711	0.914	0.894	0.3205	0.2585	0.34	0.4135	0.1125	0.103	0.0775	0.1085	0.1155	0.1255	0.1	0.109	0.888	1.0	0.276	0.981	0.9905	0.989	0.994	0.9105	0.913	0.9145	0.9135	0.912	0.914	0.827	0.9985	0.7925	0.588	0.801	0.8665	0.8265	0.9975	0.999	0.931	0.996	0.9955	0.977	0.116	0.134	0.07	0.176	0.041	0.0	0.1145	0.0775	0.077	0.078	0.226	0.4165	0.8515	0.437	0.846	0.749	0.829	0.2455	0.9005	0.8595	0.891	0.845	0.905	0.9035	0.899	0.8995	0.8845	0.8955	0.8925	0.892	0.881	0.86	0.8865	0.8855
G2-319	0.951	0.951	0.952	0.9955	0.9955	0.996	0.9515	0.951	0.959	0.906	0.952	0.8925	0.949	0.952	0.951	0.952	0.9515	0.951	0.951	0.999	0.997	0.843	0.838	0.825	0.7875	0.951	0.951	0.395	0.342	0.4545	0.5275	0.0035	0.014	0.038	0.007	0.003	0.0115	0.0145	0.0065	0.938	1.0	0.335	0.981	0.9925	0.9885	0.999	0.9475	0.9495	0.951	0.95	0.9485	0.951	0.8635	0.999	0.8385	0.698	0.861	0.903	0.863	0.998	0.999	0.9315	0.9975	0.9955	0.9765	0.0165	0.2345	0.0515	0.2705	0.087	0.1145	0.0	0.0595	0.0785	0.0715	0.263	0.454	0.906	0.4745	0.899	0.8045	0.8865	0.3515	0.9515	0.949	0.9505	0.95	0.9515	0.951	0.951	0.951	0.951	0.949	0.951	0.951	0.951	0.951	0.951	0.9515
G2-320	0.892	0.892	0.8925	0.9955	0.9955	0.9965	0.9275	0.892	0.959	0.847	0.8925	0.833	0.8895	0.8925	0.892	0.8925	0.892	0.892	0.892	0.9995	0.9975	0.784	0.7785	0.766	0.7285	0.892	0.892	0.3355	0.283	0.395	0.4685	0.0575	0.048	0.023	0.054	0.062	0.0705	0.045	0.054	0.879	1.0	0.2755	0.9815	0.993	0.989	0.9995	0.8885	0.8905	0.892	0.891	0.8895	0.892	0.8045	0.999	0.7795	0.639	0.802	0.844	0.804	0.998	0.9995	0.9315	0.998	0.996	0.977	0.0695	0.175	0.018	0.211	0.0875	0.0775	0.0595	0.0	0.019	0.012	0.204	0.3945	0.8465	0.415	0.8395	0.745	0.827	0.292	0.892	0.89	0.8915	0.9225	0.892	0.892	0.892	0.892	0.892	0.8895	0.892	0.892	0.892	0.892	0.892	0.892
G2-321	0.873	0.8735	0.8735	0.995	0.995	0.996	0.927	0.873	0.9585	0.8285	0.8735	0.8145	0.8705	0.874	0.8735	0.874	0.873	0.873	0.873	0.999	0.997	0.7655	0.76	0.7475	0.71	0.873	0.8735	0.317	0.2645	0.376	0.4495	0.0765	0.067	0.042	0.073	0.0805	0.0895	0.064	0.073	0.8605	1.0	0.257	0.981	0.9925	0.989	0.999	0.8695	0.872	0.8735	0.8725	0.871	0.873	0.786	0.9985	0.761	0.6205	0.7835	0.8255	0.7855	0.9975	0.999	0.931	0.9975	0.9955	0.977	0.0885	0.1565	0.037	0.1925	0.087	0.077	0.0785	0.019	0.0	0.0075	0.185	0.3755	0.8275	0.396	0.8205	0.726	0.808	0.273	0.8735	0.871	0.8725	0.922	0.873	0.873	0.873	0.873	0.873	0.8705	0.873	0.873	0.8735	0.873	0.873	0.873
G2-322	0.8805	0.8805	0.8805	0.9955	0.9955	0.997	0.928	0.8805	0.959	0.8355	0.8805	0.8215	0.878	0.8805	0.8805	0.8805	0.8805	0.8805	0.8805	1.0	0.998	0.7725	0.767	0.7545	0.717	0.8805	0.8805	0.3235	0.2715	0.3835	0.457	0.0695	0.06	0.0345	0.0655	0.074	0.082	0.057	0.066	0.8675	1.0	0.264	0.982	0.9935	0.9895	1.0	0.877	0.879	0.8805	0.8795	0.878	0.8805	0.793	0.9995	0.768	0.6275	0.7905	0.8325	0.7925	0.9985	1.0	0.932	0.9985	0.9965	0.9775	0.0815	0.163	0.03	0.199	0.088	0.078	0.0715	0.012	0.0075	0.0	0.1925	0.3825	0.8345	0.403	0.8275	0.7335	0.815	0.28	0.88	0.8785	0.88	0.923	0.8805	0.8805	0.8805	0.8805	0.8805	0.878	0.8805	0.8805	0.8805	0.8805	0.8805	0.8805
G2-323	0.702	0.741	0.761	0.8635	0.8435	0.89	0.797	0.706	0.863	0.6815	0.6985	0.668	0.8415	0.8505	0.849	0.85	0.7225	0.7205	0.7205	0.87	0.8715	0.6185	0.634	0.599	0.5615	0.847	0.693	0.293	0.2395	0.3525	0.398	0.2595	0.2495	0.2265	0.2575	0.264	0.2745	0.2485	0.257	0.68	0.845	0.2315	0.852	0.834	0.832	0.8405	0.8365	0.8475	0.848	0.846	0.8455	0.8455	0.743	0.8715	0.7125	0.534	0.728	0.677	0.7455	0.8705	0.871	0.877	0.8375	0.838	0.82	0.2665	0.162	0.2195	0.169	0.2665	0.226	0.263	0.204	0.185	0.1925	0.0	0.2355	0.695	0.3685	0.691	0.611	0.629	0.2535	0.7415	0.693	0.716	0.8735	0.717	0.724	0.717	0.725	0.7205	0.72	0.6905	0.693	0.701	0.6935	0.721	0.6915
G2-324	0.499	0.7665	0.528	0.8785	0.8785	0.8985	0.823	0.7205	0.869	0.47	0.64	0.456	0.6065	0.615	0.615	0.6145	0.5685	0.513	0.513	0.898	0.897	0.627	0.4015	0.389	0.3515	0.614	0.6765	0.1445	0.331	0.2375	0.331	0.4515	0.442	0.4165	0.4475	0.4545	0.4645	0.4395	0.4475	0.487	0.885	0.3365	0.88	0.8765	0.8745	0.883	0.6045	0.6135	0.615	0.6125	0.6125	0.6115	0.51	0.8975	0.4795	0.301	0.495	0.467	0.5115	0.8965	0.898	0.88	0.8815	0.8805	0.8625	0.4585	0.308	0.4105	0.2645	0.4575	0.4165	0.454	0.3945	0.3755	0.3825	0.2355	0.0	0.472	0.1355	0.475	0.385	0.4325	0.3585	0.7065	0.496	0.6485	0.877	0.5075	0.619	0.5065	0.5145	0.513	0.571	0.498	0.499	0.5	0.4995	0.499	0.498
G2-325	0.4765	0.784	0.409	0.843	0.8245	0.8255	0.63	0.6375	0.7875	0.306	0.536	0.305	0.4395	0.448	0.4725	0.4725	0.3305	0.3375	0.476	0.9145	0.9165	0.6905	0.305	0.399	0.3615	0.491	0.6335	0.5795	0.766	0.6715	0.6895	0.9035	0.894	0.868	0.899	0.9055	0.9165	0.8915	0.8995	0.3955	0.859	0.7715	0.692	0.8475	0.8485	0.852	0.4365	0.4465	0.448	0.4455	0.4455	0.4445	0.3845	0.7095	0.3695	0.3935	0.472	0.322	0.3865	0.7085	0.71	0.688	0.744	0.8545	0.8365	0.902	0.743	0.855	0.6995	0.8925	0.8515	0.906	0.8465	0.8275	0.8345	0.695	0.472	0.0	0.432	0.0785	0.1775	0.0915	0.645	0.6615	0.304	0.4415	0.6505	0.323	0.6285	0.338	0.353	0.405	0.495	0.2985	0.35	0.291	0.2895	0.32	0.2865
G2-326	0.608	0.8665	0.583	0.9875	0.9875	0.989	0.92	0.8295	0.951	0.4525	0.748	0.4385	0.4945	0.4975	0.4975	0.4975	0.651	0.4855	0.573	0.995	0.997	0.727	0.384	0.416	0.345	0.497	0.7915	0.1655	0.3515	0.257	0.3515	0.4725	0.463	0.4375	0.4685	0.4755	0.485	0.46	0.469	0.55	1.0	0.359	0.974	0.9905	0.9895	0.998	0.491	0.496	0.4975	0.4965	0.495	0.496	0.41	0.9915	0.385	0.2645	0.475	0.4495	0.4095	0.9905	0.992	0.924	0.9905	0.9955	0.9775	0.4845	0.329	0.433	0.285	0.478	0.437	0.4745	0.415	0.396	0.403	0.3685	0.1355	0.432	0.0	0.425	0.4245	0.4125	0.3615	0.804	0.488	0.7475	0.915	0.6015	0.719	0.495	0.497	0.529	0.6555	0.495	0.508	0.4975	0.497	0.4925	0.494
G2-327	0.4865	0.794	0.419	0.8515	0.8365	0.8355	0.694	0.6475	0.7905	0.274	0.546	0.265	0.395	0.4035	0.4725	0.4725	0.396	0.323	0.4875	0.9245	0.9265	0.695	0.265	0.4035	0.366	0.491	0.6485	0.574	0.7605	0.666	0.684	0.8965	0.887	0.861	0.892	0.8985	0.9095	0.8845	0.8925	0.409	0.8725	0.766	0.756	0.861	0.862	0.8655	0.392	0.402	0.4035	0.401	0.401	0.4	0.333	0.7735	0.318	0.388	0.4665	0.2855	0.335	0.7725	0.774	0.735	0.7575	0.868	0.85	0.895	0.7375	0.848	0.694	0.887	0.846	0.899	0.8395	0.8205	0.8275	0.691	0.475	0.0785	0.425	0.0	0.2175	0.084	0.6225	0.671	0.3175	0.507	0.706	0.363	0.6385	0.3035	0.3185	0.3995	0.5055	0.3135	0.365	0.2755	0.283	0.287	0.257
G2-328	0.4925	0.7975	0.423	0.8605	0.8475	0.839	0.577	0.651	0.7945	0.4615	0.553	0.4475	0.582	0.591	0.5905	0.5905	0.2765	0.493	0.5	0.928	0.93	0.641	0.393	0.3805	0.3555	0.5895	0.6665	0.4775	0.6635	0.569	0.587	0.802	0.7925	0.767	0.798	0.804	0.8155	0.79	0.798	0.4575	0.8935	0.669	0.639	0.8815	0.8825	0.886	0.579	0.589	0.5905	0.588	0.588	0.587	0.4855	0.6565	0.4455	0.3645	0.4525	0.4765	0.487	0.6555	0.657	0.605	0.778	0.8885	0.8705	0.8005	0.641	0.7535	0.5975	0.79	0.749	0.8045	0.745	0.726	0.7335	0.611	0.385	0.1775	0.4245	0.2175	0.0	0.2165	0.5345	0.6835	0.4565	0.3875	0.5825	0.3365	0.642	0.4945	0.5095	0.4515	0.5085	0.4635	0.465	0.466	0.4655	0.4755	0.4625
G2-329	0.437	0.7445	0.408	0.8205	0.785	0.824	0.6585	0.598	0.7875	0.287	0.4965	0.273	0.463	0.4715	0.4725	0.4725	0.356	0.3185	0.4335	0.875	0.877	0.6285	0.2835	0.337	0.2995	0.491	0.577	0.557	0.7435	0.649	0.667	0.884	0.8745	0.8485	0.8795	0.886	0.897	0.872	0.88	0.342	0.8055	0.749	0.7205	0.794	0.795	0.7985	0.46	0.47	0.4715	0.469	0.469	0.468	0.3885	0.738	0.3735	0.371	0.4495	0.304	0.3905	0.737	0.7385	0.74	0.6905	0.801	0.783	0.8825	0.7205	0.8355	0.677	0.87	0.829	0.8865	0.827	0.808	0.815	0.629	0.4325	0.0915	0.4125	0.084	0.2165	0.0	0.607	0.658	0.2685	0.467	0.7155	0.3275	0.589	0.322	0.337	0.347	0.4555	0.2545	0.2935	0.2695	0.2565	0.312	0.2535
G2-330	0.849	0.864	0.762	0.9645	0.954	0.943	0.807	0.7695	0.8915	0.745	0.758	0.731	0.8555	0.8585	0.8585	0.8585	0.6645	0.7765	0.7835	0.9945	0.9965	0.682	0.6765	0.711	0.655	0.858	0.838	0.264	0.211	0.2925	0.3625	0.3495	0.34	0.314	0.345	0.3515	0.362	0.337	0.346	0.832	1.0	0.236	0.8655	0.9885	0.9895	0.993	0.852	0.857	0.8585	0.8575	0.856	0.857	0.771	0.883	0.7365	0.537	0.745	0.8105	0.7705	0.882	0.8835	0.8155	0.885	0.9955	0.9775	0.353	0.1945	0.3025	0.2005	0.2865	0.2455	0.3515	0.292	0.273	0.28	0.2535	0.3585	0.645	0.3615	0.6225	0.5345	0.607	0.0	0.844	0.7965	0.719	0.738	0.733	0.847	0.841	0.8435	0.7435	0.758	0.8345	0.8355	0.825	0.804	0.826	0.8265
G2-413	0.627	0.768	0.688	0.86	0.461	0.862	0.6635	0.674	0.3905	0.6885	0.3025	0.6935	0.7615	0.738	0.4145	0.6195	0.6465	0.688	0.6895	0.915	0.915	0.7045	0.6975	0.6945	0.6855	0.3985	0.648	0.7845	0.8095	0.785	0.7625	0.949	0.939	0.9135	0.9445	0.9525	0.962	0.937	0.945	0.634	0.8215	0.815	0.917	0.809	0.745	0.803	0.7745	0.7005	0.759	0.7625	0.7745	0.788	0.781	0.917	0.766	0.7225	0.755	0.716	0.7835	0.9165	0.9175	0.9435	0.8235	0.729	0.7535	0.946	0.7865	0.9	0.785	0.9415	0.9005	0.9515	0.892	0.8735	0.88	0.7415	0.7065	0.6615	0.804	0.671	0.6835	0.658	0.844	0.0	0.5445	0.6795	0.858	0.64	0.1545	0.6205	0.648	0.5695	0.2725	0.619	0.6265	0.605	0.5995	0.644	0.6095
G2-414	0.3255	0.7155	0.4165	0.833	0.693	0.853	0.6435	0.516	0.7325	0.18	0.4545	0.2055	0.4165	0.396	0.3625	0.364	0.421	0.2485	0.369	0.858	0.8625	0.5605	0.2925	0.3715	0.3105	0.3815	0.572	0.555	0.681	0.5815	0.599	0.9465	0.9365	0.912	0.943	0.949	0.9605	0.9345	0.943	0.3345	0.7665	0.712	0.8565	0.7485	0.693	0.7445	0.427	0.3565	0.416	0.419	0.43	0.4435	0.397	0.8585	0.3285	0.351	0.4105	0.302	0.4225	0.8575	0.8585	0.9335	0.759	0.7005	0.6975	0.9435	0.7265	0.8975	0.6845	0.9	0.8595	0.949	0.89	0.871	0.8785	0.693	0.496	0.304	0.488	0.3175	0.4565	0.2685	0.7965	0.5445	0.0	0.563	0.81	0.3635	0.4655	0.2245	0.2535	0.2685	0.4065	0.2105	0.2655	0.1885	0.162	0.256	0.1935
G2-415	0.543	0.692	0.54	0.8325	0.754	0.83	0.214	0.5455	0.7765	0.5725	0.4555	0.5635	0.728	0.737	0.735	0.7365	0.2595	0.5455	0.55	0.8305	0.837	0.6305	0.623	0.5615	0.5535	0.7345	0.5895	0.7305	0.8025	0.73	0.726	0.9475	0.9375	0.9135	0.9445	0.9505	0.962	0.936	0.9445	0.5455	0.816	0.8095	0.541	0.809	0.804	0.8045	0.727	0.735	0.7355	0.7335	0.735	0.7365	0.734	0.3405	0.719	0.667	0.6995	0.5935	0.7365	0.4025	0.311	0.413	0.7005	0.813	0.81	0.9445	0.781	0.899	0.7375	0.9315	0.891	0.9505	0.8915	0.8725	0.88	0.716	0.6485	0.4415	0.7475	0.507	0.3875	0.467	0.719	0.6795	0.563	0.0	0.31	0.3745	0.5825	0.553	0.5625	0.5455	0.512	0.5305	0.5305	0.5425	0.542	0.5895	0.542
G2-416	0.853	0.8685	0.767	0.904	0.8935	0.8815	0.297	0.7735	0.831	0.7665	0.764	0.7925	0.9085	0.918	0.9165	0.9175	0.5395	0.6995	0.679	0.945	0.9515	0.6795	0.748	0.8505	0.8305	0.916	0.8465	0.885	0.875	0.819	0.8065	0.9475	0.938	0.922	0.944	0.95	0.9615	0.9355	0.944	0.848	0.9485	0.8985	0.655	0.9415	0.937	0.9375	0.908	0.916	0.917	0.916	0.916	0.9135	0.904	0.453	0.889	0.803	0.8685	0.8775	0.9065	0.516	0.285	0.278	0.833	0.9455	0.9425	0.9455	0.859	0.9125	0.8655	0.867	0.845	0.95	0.9225	0.922	0.923	0.8735	0.877	0.6505	0.915	0.706	0.5825	0.7155	0.738	0.858	0.81	0.31	0.0	0.677	0.8595	0.854	0.858	0.83	0.784	0.8385	0.8395	0.8345	0.812	0.836	0.8385
G3-418	0.208	0.533	0.3845	0.844	0.654	0.842	0.5045	0.352	0.7505	0.4185	0.3835	0.402	0.566	0.553	0.5525	0.5525	0.218	0.3715	0.2595	0.6755	0.6795	0.4555	0.485	0.2705	0.3795	0.5515	0.4435	0.6085	0.7945	0.7	0.718	0.949	0.939	0.914	0.945	0.951	0.9625	0.937	0.945	0.2475	0.6255	0.8	0.497	0.61	0.6045	0.608	0.5765	0.5525	0.5635	0.5675	0.5795	0.591	0.566	0.497	0.5515	0.5125	0.545	0.4055	0.572	0.4965	0.559	0.7565	0.5155	0.614	0.611	0.946	0.772	0.9	0.73	0.946	0.905	0.9515	0.892	0.873	0.8805	0.717	0.5075	0.323	0.6015	0.363	0.3365	0.3275	0.733	0.64	0.3635	0.3745	0.677	0.0	0.5125	0.242	0.266	0.377	0.4	0.328	0.286	0.2865	0.325	0.437	0.321
G3-419	0.5275	0.711	0.611	0.881	0.449	0.897	0.6115	0.649	0.4185	0.554	0.2405	0.5605	0.6745	0.6535	0.328	0.535	0.505	0.5435	0.546	0.8495	0.8515	0.657	0.6015	0.5535	0.5475	0.309	0.6235	0.709	0.8165	0.7235	0.7395	0.9475	0.9375	0.914	0.945	0.9515	0.9625	0.9365	0.945	0.538	0.814	0.8235	0.854	0.7995	0.732	0.787	0.685	0.615	0.671	0.678	0.688	0.701	0.6965	0.859	0.6815	0.6425	0.676	0.576	0.703	0.8585	0.858	0.9405	0.814	0.716	0.743	0.9455	0.7955	0.9	0.752	0.944	0.9035	0.951	0.892	0.873	0.8805	0.724	0.619	0.6285	0.719	0.6385	0.642	0.589	0.847	0.1545	0.4655	0.5825	0.8595	0.5125	0.0	0.4935	0.5075	0.424	0.1375	0.522	0.5345	0.513	0.5075	0.5545	0.52
G3-420	0.2595	0.5665	0.477	0.869	0.671	0.885	0.6955	0.489	0.791	0.232	0.4695	0.214	0.351	0.328	0.397	0.3985	0.3925	0.184	0.2545	0.706	0.7075	0.503	0.2715	0.225	0.2715	0.4155	0.4645	0.6275	0.8125	0.719	0.7375	0.948	0.938	0.914	0.945	0.951	0.9625	0.9365	0.945	0.2235	0.6535	0.819	0.7085	0.6375	0.614	0.6315	0.361	0.319	0.3475	0.3515	0.3635	0.375	0.375	0.7095	0.36	0.4385	0.5185	0.2135	0.3775	0.709	0.7415	0.941	0.652	0.6235	0.6205	0.9455	0.791	0.9	0.7475	0.9395	0.899	0.951	0.892	0.873	0.8805	0.717	0.5065	0.338	0.495	0.3035	0.4945	0.322	0.841	0.6205	0.2245	0.553	0.854	0.242	0.4935	0.0	0.041	0.3015	0.448	0.169	0.1785	0.08	0.1325	0.2165	0.11
G3-422	0.2825	0.5765	0.4845	0.8835	0.6995	0.8995	0.715	0.514	0.8195	0.2325	0.498	0.2145	0.3115	0.295	0.411	0.4125	0.3965	0.186	0.2665	0.717	0.718	0.5155	0.252	0.2355	0.2755	0.429	0.4875	0.628	0.8125	0.7195	0.7395	0.9475	0.938	0.914	0.945	0.952	0.9625	0.9365	0.945	0.246	0.6765	0.8195	0.7205	0.6625	0.6505	0.6555	0.323	0.2935	0.3075	0.313	0.3235	0.3365	0.335	0.722	0.355	0.4385	0.5185	0.1735	0.338	0.7215	0.7435	0.943	0.677	0.6605	0.657	0.9455	0.7915	0.9	0.748	0.94	0.8995	0.951	0.892	0.873	0.8805	0.725	0.5145	0.353	0.497	0.3185	0.5095	0.337	0.8435	0.648	0.2535	0.5625	0.858	0.266	0.5075	0.041	0.0	0.3175	0.4645	0.1835	0.192	0.093	0.1455	0.1915	0.125
G3-423	0.403	0.6975	0.4715	0.8705	0.686	0.8865	0.6235	0.624	0.728	0.3605	0.4475	0.3555	0.504	0.482	0.408	0.4095	0.3695	0.3235	0.3665	0.832	0.8355	0.6235	0.411	0.3565	0.3425	0.4045	0.6	0.613	0.7975	0.7045	0.715	0.9475	0.9375	0.914	0.945	0.951	0.9625	0.9365	0.945	0.3645	0.7995	0.812	0.8255	0.783	0.715	0.77	0.5115	0.4435	0.4995	0.5065	0.5165	0.529	0.5225	0.833	0.508	0.452	0.508	0.39	0.5315	0.8325	0.832	0.9305	0.788	0.7015	0.7285	0.9455	0.7765	0.9	0.733	0.925	0.8845	0.951	0.892	0.873	0.8805	0.7205	0.513	0.405	0.529	0.3995	0.4515	0.347	0.7435	0.5695	0.2685	0.5455	0.83	0.377	0.424	0.3015	0.3175	0.0	0.3605	0.322	0.338	0.309	0.3035	0.3615	0.314
G3-424	0.4915	0.7195	0.4955	0.8555	0.418	0.855	0.546	0.5825	0.3835	0.507	0.174	0.512	0.6295	0.609	0.285	0.4905	0.376	0.49	0.4985	0.8565	0.8605	0.6535	0.549	0.508	0.503	0.2685	0.629	0.6565	0.81	0.7155	0.7335	0.9465	0.937	0.9115	0.9425	0.9485	0.96	0.9345	0.9425	0.499	0.818	0.8155	0.789	0.8	0.741	0.797	0.64	0.57	0.6295	0.634	0.643	0.657	0.6545	0.791	0.6395	0.594	0.6265	0.5365	0.657	0.79	0.7915	0.8685	0.746	0.722	0.7475	0.9445	0.7875	0.898	0.744	0.9365	0.8955	0.949	0.8895	0.8705	0.878	0.72	0.571	0.495	0.6555	0.5055	0.5085	0.4555	0.758	0.2725	0.4065	0.512	0.784	0.4	0.1375	0.448	0.4645	0.3605	0.0	0.4815	0.4915	0.472	0.4645	0.5075	0.473
G3-425	0.232	0.632	0.4125	0.774	0.6175	0.7955	0.7225	0.4815	0.7425	0.279	0.4375	0.264	0.4135	0.4195	0.431	0.433	0.3675	0.1995	0.3135	0.767	0.7705	0.5655	0.329	0.285	0.2615	0.4465	0.4385	0.621	0.8055	0.7125	0.715	0.9475	0.937	0.914	0.945	0.951	0.9625	0.9365	0.945	0.1965	0.649	0.8125	0.77	0.643	0.621	0.6215	0.4225	0.418	0.4155	0.4155	0.427	0.4395	0.4305	0.7785	0.418	0.4285	0.5095	0.275	0.442	0.778	0.7775	0.9405	0.6435	0.643	0.6415	0.945	0.7845	0.9	0.741	0.933	0.8925	0.951	0.892	0.873	0.8805	0.6905	0.498	0.2985	0.495	0.3135	0.4635	0.2545	0.8345	0.619	0.2105	0.5305	0.8385	0.328	0.522	0.169	0.1835	0.322	0.4815	0.0	0.0855	0.11	0.0945	0.2525	0.0885
G3-426	0.1965	0.5815	0.4205	0.783	0.6215	0.8035	0.7315	0.441	0.76	0.3275	0.4465	0.3125	0.4695	0.478	0.476	0.4775	0.377	0.2655	0.267	0.723	0.7255	0.513	0.378	0.2365	0.265	0.4755	0.359	0.6195	0.8045	0.711	0.731	0.948	0.938	0.914	0.945	0.9515	0.9625	0.9365	0.945	0.135	0.5735	0.811	0.728	0.569	0.5615	0.563	0.477	0.4765	0.4765	0.475	0.478	0.49	0.4885	0.729	0.4735	0.4305	0.5105	0.327	0.491	0.7285	0.743	0.942	0.5695	0.571	0.568	0.945	0.783	0.8995	0.7395	0.9325	0.892	0.951	0.892	0.873	0.8805	0.693	0.499	0.35	0.508	0.365	0.465	0.2935	0.8355	0.6265	0.2655	0.5305	0.8395	0.286	0.5345	0.1785	0.192	0.338	0.4915	0.0855	0.0	0.1405	0.142	0.316	0.1375
G3-427	0.262	0.6	0.4725	0.84	0.656	0.8575	0.7135	0.5065	0.794	0.2125	0.46	0.1975	0.363	0.3565	0.419	0.421	0.383	0.166	0.277	0.7445	0.747	0.5215	0.263	0.257	0.251	0.4365	0.444	0.6055	0.79	0.6975	0.716	0.9475	0.937	0.914	0.945	0.9525	0.9625	0.9365	0.945	0.2085	0.644	0.8085	0.7495	0.6355	0.625	0.6275	0.375	0.355	0.359	0.3645	0.376	0.39	0.383	0.7525	0.368	0.4145	0.5045	0.2215	0.3875	0.752	0.7515	0.943	0.645	0.6355	0.6315	0.9445	0.769	0.8995	0.7255	0.9215	0.881	0.951	0.892	0.8735	0.8805	0.701	0.5	0.291	0.4975	0.2755	0.466	0.2695	0.825	0.605	0.1885	0.5425	0.8345	0.2865	0.513	0.08	0.093	0.309	0.472	0.11	0.1405	0.0	0.0675	0.2015	0.051
G3-428	0.3055	0.6455	0.4735	0.8355	0.6725	0.8565	0.7075	0.5485	0.785	0.2135	0.4535	0.1985	0.381	0.368	0.412	0.414	0.363	0.1515	0.299	0.787	0.7895	0.545	0.264	0.3	0.2465	0.431	0.448	0.6045	0.78	0.6795	0.7	0.948	0.938	0.914	0.945	0.952	0.9625	0.9365	0.945	0.2165	0.647	0.8115	0.792	0.633	0.623	0.625	0.395	0.3665	0.3795	0.3835	0.3955	0.408	0.4065	0.793	0.3915	0.399	0.5095	0.245	0.409	0.7925	0.792	0.9425	0.6475	0.633	0.6295	0.945	0.7515	0.8995	0.708	0.9005	0.86	0.951	0.892	0.873	0.8805	0.6935	0.4995	0.2895	0.497	0.283	0.4655	0.2565	0.804	0.5995	0.162	0.542	0.812	0.325	0.5075	0.1325	0.1455	0.3035	0.4645	0.0945	0.142	0.0675	0.0	0.2215	0.0545
G3-429	0.421	0.742	0.4715	0.85	0.8115	0.866	0.765	0.651	0.808	0.2525	0.574	0.257	0.1795	0.275	0.4325	0.4345	0.488	0.254	0.4155	0.876	0.881	0.6695	0.239	0.3955	0.346	0.4485	0.6175	0.615	0.7995	0.7065	0.718	0.9475	0.937	0.914	0.945	0.951	0.9625	0.9365	0.945	0.382	0.8275	0.812	0.8795	0.821	0.81	0.8105	0.179	0.221	0.1745	0.1745	0.184	0.1965	0.191	0.886	0.35	0.423	0.508	0.1885	0.199	0.8855	0.885	0.938	0.8195	0.8215	0.82	0.945	0.7785	0.9	0.735	0.927	0.8865	0.951	0.892	0.873	0.8805	0.721	0.499	0.32	0.4925	0.287	0.4755	0.312	0.826	0.644	0.256	0.5895	0.836	0.437	0.5545	0.2165	0.1915	0.3615	0.5075	0.2525	0.316	0.2015	0.2215	0.0	0.197
G3-430	0.299	0.6365	0.472	0.836	0.6755	0.8565	0.7175	0.5385	0.797	0.216	0.464	0.1985	0.3575	0.3555	0.4245	0.4255	0.391	0.17	0.3135	0.777	0.781	0.5605	0.264	0.292	0.259	0.4435	0.4395	0.612	0.798	0.7035	0.722	0.949	0.939	0.914	0.945	0.951	0.9625	0.937	0.945	0.204	0.6345	0.81	0.781	0.6285	0.623	0.625	0.3695	0.355	0.3565	0.3605	0.3725	0.384	0.382	0.781	0.367	0.424	0.509	0.2205	0.3845	0.7805	0.781	0.9395	0.633	0.6325	0.6295	0.946	0.7755	0.9	0.732	0.9265	0.8855	0.9515	0.892	0.873	0.8805	0.6915	0.498	0.2865	0.494	0.257	0.4625	0.2535	0.8265	0.6095	0.1935	0.542	0.8385	0.321	0.52	0.11	0.125	0.314	0.473	0.0885	0.1375	0.051	0.0545	0.197	0.0
